Brand_name,Price,Discount_item_clean,Discounted_Price_clean,Ratings_clean,Shades_clean
Charlotte Tilbury,,,3450,4719.0,19.0
Nykaa Matte,675.0,35.0,439,77832.0,24.0
M.A.C MACximal,,,2550,10431.0,27.0
Maybelline New,849.0,37.0,535,38113.0,16.0
Lakme Xtraordin,990.0,30.0,693,9752.0,23.0
Mars Won't,279.0,7.0,259,20046.0,24.0
SUGAR Glide,499.0,10.0,449,86.0,7.0
FENTY BEAUTY,,,2550,160.0,6.0
Kay Beauty,,,999,3844.0,16.0
,750.0,25.0,563,341.0,11.0
Lakme Forever,375.0,15.0,319,43347.0,38.0
Nykaa Cosmetics,329.0,35.0,214,173867.0,35.0
Swiss Beauty,69.0,5.0,66,139179.0,15.0
Lakme Forever,429.0,20.0,343,124751.0,50.0
Kay Beauty,999.0,25.0,749,13574.0,24.0
Nykaa All,399.0,35.0,259,53410.0,18.0
Maybelline New,699.0,35.0,454,111828.0,20.0
LOreal Paris,999.0,25.0,749,6625.0,14.0
Ronzille Natural,299.0,10.0,269,4.0,3.0
MARS Edge,,,69,41108.0,20.0
Maybelline New,429.0,40.0,257,99013.0,17.0
ETUDE HOUSE,450.0,10.0,405,13493.0,7.0
Lakme Double,775.0,25.0,581,52698.0,10.0
RENEE Cover,750.0,8.0,689,343.0,2.0
,650.0,30.0,455,70829.0,40.0
Maybelline Color,329.0,25.0,247,157461.0,21.0
Praush Plush,650.0,8.0,598,8070.0,8.0
MARS Candylicious,249.0,4.0,239,4040.0,12.0
Kay Beauty,999.0,25.0,749,13574.0,24.0
FAE Beauty,650.0,15.0,553,7411.0,24.0
Colors Queen,299.0,34.0,197,920.0,25.0
Faces Canada,849.0,35.0,549,40441.0,29.0
SUGAR Matte,749.0,40.0,449,24020.0,15.0
Maybelline New,749.0,10.0,674,2812.0,10.0
Pilgrim Matte,595.0,22.0,464,267.0,20.0
Swiss Beauty,229.0,20.0,183,48481.0,30.0
inde wild,,,799,761.0,3.0
MARS Creamy,199.0,2.0,195,24839.0,24.0
Insight Cosmetics,,,210,6935.0,12.0
Nykaa Cosmetics,799.0,35.0,519,18473.0,8.0
Nykaa Cosmetics,,,599,81.0,2.0
Love Earth,1999.0,65.0,699,14427.0,2.0
Estee Lauder,3000.0,25.0,2250,70.0,2.0
ETUDE HOUSE,950.0,20.0,760,8820.0,15.0
Maybelline New,599.0,40.0,359,31457.0,13.0
MARS Matte,447.0,11.0,398,15164.0,6.0
Mamaearth Moisture,599.0,10.0,539,26655.0,15.0
Kay Beauty,1200.0,20.0,960,4825.0,12.0
Maybelline New,799.0,30.0,559,14371.0,10.0
MARS Drip,299.0,3.0,290,456.0,8.0
Mamaearth Creamy,399.0,10.0,359,2549.0,13.0
,,,890,4790.0,19.0
Nykaa Superlight,799.0,25.0,599,94.0,10.0
Lakme Forever,375.0,15.0,319,43347.0,38.0
LoveChild Masaba,600.0,15.0,510,2532.0,12.0
,499.0,18.0,409,507.0,6.0
Swiss Beauty,299.0,20.0,239,32142.0,24.0
Nykaa Matte,849.0,35.0,552,14459.0,12.0
Bobbi Brown,,,2700,3624.0,16.0
Earth Rhythm,499.0,25.0,374,24368.0,3.0
SUGAR Matte,899.0,7.0,836,19500.0,19.0
Kay Beauty,649.0,20.0,519,11890.0,11.0
Mamaearth Moisture,599.0,10.0,539,26655.0,15.0
Nykaa Lips,399.0,40.0,239,25339.0,16.0
Love Earth,897.0,55.0,403,11526.0,18.0
Nykaa Cosmetics,450.0,50.0,225,40839.0,21.0
Maybelline New,799.0,10.0,719,20911.0,7.0
Insight Cosmetics,,,295,20583.0,24.0
Maybelline New,,,849,59.0,6.0
,160.0,15.0,136,59953.0,25.0
Mamaearth Creamy,399.0,10.0,359,2549.0,13.0
Swiss Beauty,349.0,12.0,307,320.0,12.0
Clinique Almost,,,2300,2093.0,
MARS Plush,199.0,2.0,195,4292.0,24.0
,999.0,15.0,849,942.0,10.0
,110.0,5.0,105,71118.0,24.0
Insight Cosmetics,,,100,58866.0,12.0
Nykaa Ultra,649.0,40.0,389,15596.0,15.0
,799.0,10.0,719,267.0,10.0
e.l.f. Cosmetics,,,390,26356.0,8.0
M.A.C Retro,,,2800,4409.0,8.0
Nykaa Cosmetics,599.0,20.0,479,1964.0,5.0
Kay Beauty,899.0,10.0,809,4999.0,
SUGAR Nothing,599.0,9.0,545,13352.0,13.0
Kay Beauty,899.0,10.0,809,4999.0,8.0
e.l.f. Cosmetics,1050.0,10.0,945,640.0,10.0
Kay Beauty,899.0,10.0,809,4999.0,
MARS Popstar,249.0,4.0,239,2649.0,24.0
M.A.C Powder,,,2800,3676.0,26.0
Faces Canada,299.0,20.0,239,654.0,10.0
Kay Beauty,899.0,10.0,809,4999.0,
Praush Plush,650.0,8.0,598,8070.0,8.0
Earth Rhythm,399.0,20.0,319,2417.0,6.0
Renee Cosmetics,750.0,15.0,639,403.0,
Kay Beauty,899.0,10.0,809,4999.0,
,295.0,24.0,224,7807.0,3.0
Insight Cosmetics,,,100,45067.0,23.0
Huda Beauty,,,1950,692.0,6.0
Bobbi Brown,,,2700,3624.0,16.0
Earth Rhythm,549.0,15.0,467,841.0,2.0
Huda Beauty,,,2100,3779.0,15.0
Swiss Beauty,279.0,12.0,246,13235.0,12.0
FAE Beauty,599.0,10.0,539,2271.0,6.0
Revlon Super,999.0,20.0,799,7095.0,27.0
RENEE Madness,499.0,15.0,425,17374.0,
,999.0,15.0,849,942.0,10.0
Faces Canada,425.0,39.0,259,20659.0,18.0
Nykaa Perfumery,,,649,167.0,3.0
Insight Cosmetics,,,85,19606.0,24.0
Swiss Beauty,249.0,15.0,212,31451.0,42.0
Nykaa Cosmetics,279.0,30.0,195,116494.0,18.0
Nykaa Cosmetics,325.0,35.0,211,111978.0,22.0
Mamaearth Moisture,349.0,10.0,314,461.0,6.0
Swiss Beauty,899.0,20.0,719,10961.0,
Nykaa Cosmetics,325.0,35.0,211,38643.0,10.0
Pilgrim Glitter,645.0,22.0,503,217.0,8.0
,449.0,18.0,368,4625.0,5.0
Huda Beauty,,,1650,663.0,10.0
Maybelline New,799.0,10.0,719,20911.0,7.0
Swiss Beauty,469.0,20.0,375,20709.0,3.0
Charlotte Tilbury,,,3450,200.0,3.0
M.A.C Powder,,,3100,2628.0,23.0
KIRO Four,1175.0,10.0,1058,1063.0,5.0
Nykaa Perfumery,799.0,40.0,479,15364.0,8.0
DIOR Addict,,,4100,299.0,11.0
Miss Claire,295.0,25.0,221,31821.0,41.0
Swiss Beauty,399.0,20.0,319,10373.0,25.0
Huda Beauty,,,1100,1384.0,5.0
M.A.C Locked,,,3150,877.0,18.0
Colorbar Sinful,1499.0,15.0,1274,5956.0,18.0
,,,890,1873.0,18.0
KIRO Non,875.0,20.0,700,3809.0,25.0
Swiss Beauty,299.0,12.0,263,1367.0,4.0
Blue Heaven,99.0,5.0,94,1066.0,22.0
M.A.C MACximal,,,2550,1640.0,31.0
Blue Heaven,200.0,20.0,160,17097.0,5.0
Smashbox Always,,,2700,4258.0,15.0
M.A.C Lip,,,2300,1994.0,17.0
SUGAR POP,229.0,21.0,181,1113.0,15.0
Renee Prime,399.0,25.0,299,170.0,6.0
Faces Canada,325.0,34.0,215,41981.0,21.0
ETUDE HOUSE,650.0,10.0,585,217.0,3.0
Kay Beauty,999.0,15.0,849,200.0,5.0
Nykaa Glow,575.0,15.0,489,308.0,2.0
FENTY BEAUTY,,,2450,110.0,10.0
MARS Matte,690.0,10.0,621,1417.0,2.0
DIOR Addict,,,4500,404.0,17.0
MARS Matte,279.0,7.0,259,7315.0,24.0
Innisfree Dewy,1100.0,15.0,935,1219.0,4.0
Yves Saint,,,4000,40.0,9.0
PAT McGRATH,,,3300,279.0,12.0
Charlotte Tilbury,,,2500,1001.0,20.0
Kay Beauty,,,899,4999.0,
MARS Infinity,379.0,6.0,356,8957.0,3.0
,499.0,30.0,349,13412.0,17.0
ETUDE HOUSE,750.0,15.0,638,495.0,6.0
Swiss Beauty,207.0,5.0,197,31540.0,
Bobbi Brown,,,3350,695.0,9.0
,799.0,10.0,719,700.0,8.0
M.A.C Macximal,,,2550,13.0,6.0
ETUDE HOUSE,950.0,15.0,808,1221.0,8.0
SUGAR POP,279.0,20.0,223,12988.0,25.0
The Face,549.0,19.0,445,11430.0,5.0
Maybelline New,,,849,202.0,5.0
e.l.f. Cosmetics,,,300,513.0,8.0
Typsy Beauty,1099.0,20.0,879,1885.0,2.0
NYX Professional,,,899,3049.0,14.0
DIOR Rouge,,,4800,29.0,26.0
Yves Saint,,,4000,39.0,9.0
ETUDE HOUSE,890.0,10.0,801,122.0,5.0
Smashbox Always,,,1200,247.0,3.0
Biotique Magicolor,125.0,30.0,88,23083.0,15.0
M.A.C Locked,,,3150,591.0,16.0
Insight Cosmetics,,,155,25426.0,24.0
Swiss Beauty,399.0,20.0,319,30477.0,23.0
Nykaa Superlight,749.0,30.0,524,303.0,9.0
Lakme Xtraordin,499.0,10.0,449,196.0,10.0
Mamaearth Soft,399.0,8.0,367,10156.0,9.0
MARS Retractable,299.0,3.0,290,4428.0,22.0
,,,899,14151.0,11.0
Swiss Beauty,299.0,15.0,254,17765.0,28.0
Swiss Beauty,329.0,15.0,280,8878.0,30.0
Daily Life,,,399,1459.0,25.0
FENTY BEAUTY,,,2100,361.0,6.0
Recode Silky,899.0,10.0,809,2303.0,
Lakme Superglow,350.0,10.0,315,52.0,6.0
Yves Saint,,,4000,150.0,17.0
e.l.f. Cosmetics,,,750,1795.0,6.0
Chemist At,349.0,14.0,299,319.0,4.0
Juicy Chemistry,350.0,20.0,280,9275.0,
Earth Rhythm,249.0,18.0,204,1009.0,4.0
Just Herbs,745.0,27.0,544,9936.0,3.0
Just Herbs,575.0,27.0,420,16258.0,
FENTY BEAUTY,,,3000,294.0,11.0
Blue Heaven,399.0,22.0,311,4811.0,
ETUDE HOUSE,950.0,20.0,760,278.0,6.0
Faces Canada,499.0,30.0,349,6614.0,6.0
SUGAR Mettle,1049.0,9.0,955,3552.0,5.0
Love Earth,599.0,55.0,269,20406.0,9.0
Charlotte Tilbury,3350.0,15.0,2848,506.0,8.0
Earth Rhythm,249.0,5.0,237,380.0,
Lotus Herbals,345.0,25.0,259,15871.0,
,289.0,22.0,225,1580.0,12.0
Miss Claire,65.0,15.0,55,42830.0,23.0
FAE Beauty,379.0,10.0,341,272.0,7.0
DIOR Addict,,,4100,337.0,10.0
Colorbar Kiss,999.0,23.0,769,6155.0,2.0
Renee Cosmetics,250.0,26.0,185,3924.0,
MARS Colorbum,229.0,4.0,220,1852.0,18.0
M.A.C MACximal,,,1650,1627.0,6.0
Swiss Beauty,299.0,15.0,254,4671.0,26.0
RENEE Very,599.0,20.0,479,2559.0,
Parul Garg,595.0,5.0,565,710.0,15.0
SUGAR Mousse,599.0,5.0,569,1144.0,14.0
Faces Canada,399.0,35.0,259,3022.0,15.0
Clarins Lip,,,2200,276.0,8.0
MARS Aqua,149.0,7.0,139,3362.0,8.0
Kay Beauty,899.0,10.0,809,2916.0,
SUGAR Lipping,525.0,9.0,478,4721.0,5.0
Blue Heaven,135.0,10.0,122,18759.0,25.0
Anastasia Beverly,,,3200,64.0,9.0
Swiss Beauty,229.0,25.0,172,4987.0,9.0
Matt look,199.0,15.0,169,164.0,24.0
Pilgrim Matte,495.0,22.0,386,1151.0,24.0
Faces Canada,329.0,30.0,229,2895.0,19.0
Colorbar Velvet,449.0,25.0,337,82566.0,25.0
PAC Timeless,,,325,2281.0,20.0
DIOR Lip,,,4100,70.0,3.0
LAMEL All,450.0,10.0,405,2896.0,4.0
NARS Powermatte,,,3000,21.0,21.0
KIRO Ph,800.0,10.0,720,1493.0,4.0
Colorbar Powerkiss,599.0,22.0,467,6708.0,19.0
Gush Beauty,399.0,30.0,279,1423.0,10.0
Too Faced,,,1590,1363.0,2.0
M.A.C Squirt,,,2300,541.0,10.0
KIRO Slickstick,1000.0,10.0,900,167.0,12.0
SUGAR Smudge,499.0,40.0,299,26529.0,8.0
Revlon Super,999.0,20.0,799,2265.0,11.0
Faces Canada,299.0,34.0,199,18019.0,10.0
Guerlain Rouge,,,4100,15.0,16.0
Faces Canada,299.0,34.0,199,18019.0,10.0
Guerlain Rouge,,,4100,15.0,16.0
Love Earth,799.0,55.0,359,180.0,8.0
Too Faced,,,1410,3106.0,2.0
Insight Cosmetics,,,170,2507.0,24.0
TIRTIR My,1050.0,15.0,893,36.0,4.0
Lakme Absolute,825.0,15.0,701,754.0,12.0
e.l.f. Cosmetics,,,1100,13.0,8.0
Simply Nam,699.0,15.0,594,40.0,3.0
Lakme Lip,349.0,15.0,297,1550.0,4.0
,550.0,15.0,468,1555.0,9.0
M.A.C Powder,,,3100,2.0,5.0
SUGAR Partner,699.0,5.0,664,179.0,15.0
e.l.f. Cosmetics,900.0,10.0,810,6637.0,12.0
Anastasia Beverly,2600.0,25.0,1950,292.0,7.0
Bobbi Brown,,,2700,737.0,7.0
NARS Powermatte,,,2800,15.0,12.0
Earth Rhythm,449.0,25.0,337,461.0,5.0
Lovechild Masaba,1000.0,15.0,850,271.0,10.0
,,,920,41.0,7.0
M.A.C Lustreglass,,,2800,345.0,7.0
PAT McGRATH,,,3800,522.0,15.0
Revlon Colorstay,999.0,30.0,699,1756.0,18.0
,299.0,18.0,245,248.0,9.0
Armani Lip,,,3500,,15.0
Lakme Ultimate,,,350,64.0,11.0
ColourPop Lippie,799.0,50.0,400,1264.0,10.0
Nykaa Cosmetics,749.0,35.0,487,9434.0,4.0
Nykaa Gloss,550.0,25.0,413,11614.0,4.0
Charlotte Tilbury,,,3950,452.0,9.0
Maybelline New,2796.0,45.0,1538,936.0,
Charlotte Tilbury,,,2500,384.0,10.0
Clinique Pop,,,2400,7.0,36.0
Parul Garg,495.0,5.0,470,483.0,16.0
Renee Cosmetics,299.0,17.0,249,123.0,7.0
Blue Heaven,299.0,20.0,239,6570.0,7.0
,,,890,699.0,4.0
Streax Professional,325.0,20.0,260,247.0,9.0
Blue Heaven,100.0,10.0,90,10434.0,9.0
Faces Canada,699.0,40.0,419,3368.0,11.0
LoveChild Masaba,600.0,15.0,510,2532.0,12.0
Blue Heaven,100.0,10.0,90,10434.0,9.0
Faces Canada,699.0,40.0,419,3368.0,11.0
Renee Cosmetics,399.0,15.0,339,2318.0,
Love Earth,1399.0,57.0,599,26.0,
Swiss Beauty,429.0,15.0,365,3893.0,26.0
Nykaa Perfumery,1499.0,40.0,899,1602.0,3.0
Swiss Beauty,229.0,15.0,195,9074.0,3.0
,,,890,854.0,16.0
Blue Heaven,180.0,10.0,162,14070.0,23.0
MARS Lip,299.0,3.0,290,84.0,6.0
NYX Professional,,,699,46716.0,5.0
SUGAR La,399.0,25.0,299,84.0,5.0
Lakme Glitterati,899.0,5.0,854,376.0,10.0
Parul Garg,595.0,5.0,565,11.0,14.0
Renee Cosmetics,599.0,17.0,499,1579.0,17.0
e.l.f. Cosmetics,,,650,3514.0,6.0
Bobbi Brown,,,4100,17.0,9.0
Plum Matte,499.0,15.0,424,4333.0,1.0
Insight Cosmetics,,,235,1214.0,5.0
Just Herbs,225.0,27.0,164,1219.0,6.0
M.A.C MACximal,,,2550,,4.0
Insight Cosmetics,,,100,37.0,14.0
DIOR Rouge,,,4500,250.0,10.0
ETUDE HOUSE,1150.0,20.0,920,262.0,5.0
Insight Cosmetics,,,285,1035.0,24.0
Armani Lip,,,3500,,6.0
Revlon Colorstay,1299.0,30.0,909,1103.0,11.0
Renee Cosmetics,650.0,16.0,549,1485.0,2.0
Bella Vita,699.0,36.0,447,155.0,
Benefit Cosmetics,,,2450,889.0,
Nykaa Gloss,575.0,25.0,431,2888.0,
Yves Saint,,,4000,36.0,4.0
MARS Liquid,249.0,4.0,239,2538.0,24.0
Kay Beauty,899.0,15.0,764,1096.0,
NARS Powermatte,,,2800,10.0,13.0
Love Earth,1999.0,65.0,699,1137.0,
Nykaa Cosmetics,658.0,30.0,461,173870.0,
Swiss Beauty,349.0,12.0,307,1366.0,8.0
Revlon Super,999.0,20.0,799,2937.0,26.0
Sacred Herbs,785.0,,685,119.0,5.0
Swiss Beauty,410.0,12.0,361,480.0,11.0
Etude House,1150.0,10.0,1035,9.0,6.0
Swiss Beauty,299.0,25.0,224,10873.0,25.0
,990.0,14.0,851,446.0,11.0
NARS Explicit,,,3500,13.0,28.0
Love Earth,2499.0,60.0,999,62.0,
SUGAR POP,229.0,40.0,137,1444.0,3.0
FAE Beauty,650.0,10.0,585,14.0,
Lakme Ultimate,270.0,15.0,230,2799.0,7.0
MyGlamm Ultimatte,549.0,30.0,384,2044.0,11.0
Maybelline New,329.0,10.0,296,5703.0,
Typsy Beauty,949.0,10.0,854,66.0,4.0
e.l.f. Cosmetics,1050.0,10.0,945,176.0,8.0
PIXI Sheer,,,1600,422.0,3.0
Insight Cosmetics,,,350,3754.0,30.0
Huda Beauty,,,2750,216.0,
Bobbi Brown,,,1690,1101.0,1.0
Quench Illuminating,599.0,9.0,545,93.0,
Baked Beauty,900.0,47.0,477,96.0,
Makeup Revolution,299.0,10.0,269,4414.0,7.0
Huda Beauty,,,2200,6734.0,15.0
NARS Afterglow,,,2900,10.0,16.0
e.l.f. Cosmetics,1150.0,25.0,863,652.0,15.0
Estee Lauder,,,3500,13.0,12.0
Colorbar Definer,699.0,22.0,545,625.0,6.0
Anastasia Beverly,,,3200,18.0,3.0
Charmacy Milano,,,749,29.0,6.0
Daily Life,,,399,522.0,20.0
Lakme Unreal,899.0,15.0,764,4182.0,16.0
Bella Vita,275.0,42.0,160,108.0,10.0
Nudestix Intense,,,2850,229.0,10.0
PAC Retro,,,225,6542.0,16.0
Insight Cosmetics,,,240,5430.0,22.0
Princess By,950.0,16.0,799,753.0,
Too Faced,,,2550,184.0,8.0
Matt look,,,65,1441.0,21.0
Makeup Revolution,750.0,10.0,675,705.0,14.0
Faces Canada,849.0,40.0,509,10507.0,6.0
LoveChild Masaba,1200.0,15.0,1020,77.0,6.0
Benefit Cosmetics,,,3450,4416.0,1.0
Miss Claire,395.0,20.0,316,8394.0,12.0
Plum Matterrific,499.0,15.0,424,3088.0,3.0
Nykaa Matte,899.0,35.0,584,854.0,9.0
Blue Heaven,500.0,25.0,375,446.0,3.0
Guerlain Rouge,,,4100,14.0,24.0
Renee Cosmetics,350.0,17.0,289,9744.0,8.0
Blue Heaven,299.0,20.0,239,4142.0,5.0
Kay Beauty,899.0,10.0,809,4999.0,
e.l.f. Cosmetics,900.0,10.0,810,126.0,4.0
Nykaa Cosmetics,325.0,35.0,211,14283.0,1.0
Lakme Rouge,,,1199,208.0,16.0
Renee Cosmetics,750.0,30.0,525,9204.0,
LoveChild Masaba,1200.0,20.0,960,2.0,5.0
PAC Studio,,,1399,648.0,
Armani Prisma,,,3900,,6.0
Insight Cosmetics,945.0,22.0,737,266.0,
Huda Beauty,,,2350,568.0,5.0
MARS Colour,229.0,9.0,208,1155.0,
Lakme Absolute,700.0,20.0,560,2229.0,10.0
IBA Maxx,450.0,25.0,338,2680.0,11.0
Colorbar Take,499.0,10.0,449,1092.0,9.0
MARS Plumping,249.0,4.0,239,16.0,2.0
Yves Saint,,,4000,39.0,10.0
,329.0,30.0,230,249.0,8.0
Clarins Lip,,,2200,12.0,6.0
Blue Heaven,349.0,10.0,314,16.0,3.0
Renee Cosmetics,450.0,16.0,379,144.0,
Renee Cosmetics,249.0,20.0,199,43.0,7.0
FENTY BEAUTY,3000.0,30.0,2100,28.0,3.0
Faces Canada,549.0,35.0,359,885.0,6.0
ColourPop Lippie,749.0,50.0,375,191.0,10.0
Simply Nam,999.0,15.0,849,9.0,3.0
Kay Beauty,999.0,15.0,849,78.0,2.0
Mila Beaut,229.0,15.0,195,104.0,10.0
Praush Luxe,850.0,15.0,723,1263.0,9.0
Swiss Beauty,229.0,20.0,183,3528.0,6.0
Clinique Almost,,,2300,44.0,
Typsy Beauty,1200.0,20.0,960,116.0,8.0
Renee Cosmetics,250.0,26.0,185,105.0,2.0
Clinique Almost,,,2300,44.0,
Typsy Beauty,1200.0,20.0,960,116.0,8.0
Renee Cosmetics,250.0,26.0,185,105.0,2.0
The Body,1295.0,40.0,777,144.0,4.0
M.A.C Lipglass,,,2200,540.0,3.0
Lakme Xtraordin,699.0,15.0,594,419.0,8.0
Swiss Beauty,249.0,20.0,199,2173.0,
Maybelline New,,,699,1828.0,1.0
Coloressence Lipstay,275.0,10.0,248,376.0,24.0
Makeup Revolution,499.0,15.0,424,2420.0,4.0
Too Faced,,,2400,4.0,7.0
SUGAR Matte,599.0,40.0,359,1895.0,6.0
Milani Color,1250.0,5.0,1188,1050.0,15.0
Kay Beauty,,,799,2.0,6.0
Benefit Cosmetics,,,2850,11.0,11.0
NARS Air,,,2500,12.0,9.0
Huda Beauty,,,900,353.0,3.0
Charlotte Tilbury,,,3450,98.0,5.0
SUGAR POP,249.0,15.0,212,3920.0,3.0
Clinique Pop,,,2300,244.0,
Just Herbs,695.0,27.0,507,4582.0,7.0
SUGAR Drop,599.0,10.0,539,54.0,7.0
MyGlamm Super,699.0,25.0,524,225.0,2.0
Estee Lauder,,,3700,93.0,10.0
Bobbi Brown,,,4100,58.0,9.0
Ras Luxury,2290.0,25.0,1718,245.0,7.0
Daily Life,,,799,1514.0,17.0
M.A.C Powder,,,3100,653.0,22.0
PAC Timeless,695.0,10.0,626,1594.0,24.0
Anastasia Beverly,2200.0,40.0,1320,94.0,7.0
SUGAR Super,1096.0,25.0,822,220.0,
,699.0,15.0,594,871.0,15.0
ETUDE HOUSE,650.0,20.0,520,46.0,3.0
Charlotte Tilbury,,,3900,247.0,2.0
,,,999,1314.0,8.0
Focallure Color,895.0,10.0,806,10.0,4.0
Baked Beauty,900.0,47.0,477,63.0,
The Wellness,399.0,10.0,359,40.0,4.0
Too Faced,,,2400,710.0,14.0
Colorbar Take,999.0,18.0,819,650.0,12.0
Iba Pure,358.0,25.0,269,3902.0,15.0
Benefit Cosmetics,,,1950,546.0,
Insight Cosmetics,,,265,946.0,4.0
SUGAR Mettle,1249.0,40.0,749,803.0,5.0
SUGAR POP,499.0,40.0,299,1205.0,3.0
Bobbi Brown,,,4300,355.0,3.0
Huda Beauty,,,2050,4.0,
Miss Claire,145.0,20.0,116,7418.0,19.0
Colors Queen,349.0,37.0,220,690.0,27.0
Faces Canada,999.0,40.0,599,122.0,11.0
M.A.C MACximal,,,2550,,
SUGAR La,1197.0,33.0,802,473.0,2.0
Makeup Revolution,749.0,10.0,674,6.0,13.0
Insight Cosmetics,,,235,555.0,24.0
Revlon ColorStay,1300.0,20.0,1040,738.0,8.0
LoveChild Masaba,1200.0,12.0,1056,4.0,8.0
PIXI Hello,,,875,102.0,
Benefit Cosmetics,,,2450,211.0,
Miss Claire,125.0,20.0,100,6891.0,12.0
Urban Decay,,,2900,44.0,10.0
DIAM BEAUTY,,,849,105.0,4.0
KIRO Lush,800.0,20.0,640,953.0,11.0
Faces Canada,599.0,40.0,359,777.0,9.0
MARS Edge,790.0,5.0,751,60.0,
Revlon ColorStay,1499.0,30.0,1049,7.0,12.0
Recode Lip,1695.0,10.0,1526,275.0,
PAC Lip,225.0,5.0,214,3466.0,5.0
IBA Must,5516.0,35.0,3585,442.0,
M.A.C Prep,,,2300,396.0,
Blue Heaven,275.0,20.0,220,790.0,9.0
Nykaa Cosmetics,599.0,20.0,479,39.0,4.0
Clinique Pop,,,2750,,
KIRO Glossfinity,875.0,20.0,700,69.0,8.0
Just Herbs,295.0,22.0,230,1280.0,5.0
Benefit Cosmetics,,,2450,186.0,
Nykaa Cosmetics,1350.0,30.0,945,77834.0,
TONYMOLY Get,,,1440,2.0,10.0
Mila Beaut,229.0,10.0,206,19.0,4.0
Simply Nam,1099.0,15.0,934,11.0,7.0
Daily Life,,,899,737.0,13.0
STAZE Cheek,399.0,18.0,327,178.0,4.0
Nykaa Cosmetics,499.0,25.0,374,18513.0,8.0
Color Chemistry,849.0,20.0,679,268.0,12.0
Nudestix Mini,,,1500,288.0,6.0
Charlotte Tilbury,,,3200,14.0,
Colorbar Powerkiss,799.0,15.0,679,23.0,8.0
Lancome L',3500.0,10.0,3150,96.0,3.0
Armani Lip,,,3500,,8.0
Focallure FA,675.0,10.0,608,7.0,5.0
Love Earth,659.0,55.0,299,22.0,9.0
LoveChild Masaba,800.0,15.0,680,17.0,6.0
MyGlamm Lit,,,375,728.0,25.0
NYX Professional,,,999,111.0,6.0
Maybelline New,2796.0,30.0,1957,111828.0,
Too Faced,,,1800,28.0,6.0
Anastasia Beverly,2600.0,40.0,1560,112.0,3.0
Kay Beauty,899.0,10.0,809,4999.0,
MyGlamm LIT,395.0,40.0,237,11137.0,13.0
House of,299.0,10.0,269,128.0,5.0
M.A.C MACximal,,,2550,38.0,4.0
Anastasia Beverly,2600.0,40.0,1560,112.0,3.0
MyGlamm LIT,395.0,40.0,237,11137.0,13.0
House of,299.0,10.0,269,128.0,5.0
M.A.C MACximal,,,2550,38.0,4.0
MARS Edge,790.0,5.0,751,42.0,
Renee Cosmetics,125.0,21.0,99,76.0,3.0
Too Faced,,,2350,198.0,8.0
Mila Beaut,199.0,15.0,169,221.0,24.0
,,,890,484.0,2.0
Flossy Cosmetics,,,799,144.0,7.0
Coloressence Pout,225.0,5.0,214,2137.0,7.0
Just Herbs,445.0,20.0,356,436.0,24.0
e.l.f. Cosmetics,550.0,10.0,495,116.0,5.0
Bella Vita,449.0,56.0,198,114.0,10.0
Ras Luxury,1090.0,20.0,872,1231.0,6.0
Earth Rhythm,615.0,50.0,308,388.0,12.0
Recode Hydrating,440.0,10.0,396,702.0,17.0
Armani Lip,,,3500,1.0,9.0
Insight Cosmetics,,,200,13.0,12.0
DIAM BEAUTY,,,849,70.0,2.0
TYPE Beauty,799.0,10.0,719,22.0,6.0
Mila Beaut,169.0,12.0,149,177.0,20.0
LoveChild Masaba,900.0,12.0,792,93.0,6.0
Pilgrim Matte,745.0,22.0,581,17.0,4.0
Chambor Matte,425.0,20.0,340,1858.0,16.0
Colorbar Starry,1299.0,22.0,1013,763.0,5.0
MARS Clear,199.0,10.0,179,1045.0,
Kay Beauty,899.0,10.0,809,4999.0,
SUGAR POP,299.0,40.0,179,2678.0,5.0
Nykaa Cosmetics,1350.0,30.0,945,77834.0,
VERYMISS Matte,150.0,30.0,105,793.0,22.0
Lotus Make,345.0,20.0,276,3127.0,5.0
Colorbar XOXO,275.0,30.0,193,516.0,12.0
TYPE Beauty,799.0,10.0,719,37.0,6.0
Just Herbs,749.0,20.0,599,38.0,3.0
Just Herbs,595.0,27.0,434,869.0,15.0
Love Earth,2499.0,60.0,999,44.0,
Insight Cosmetics,,,280,3033.0,23.0
PAC Colorlock,,,385,1807.0,17.0
KIRO Afterglow,800.0,15.0,680,185.0,4.0
DIOR Rogue,,,4500,3.0,4.0
Renee Cosmetics,750.0,15.0,639,555.0,
Shiseido ModernMatte,2700.0,50.0,1350,64.0,13.0
Estee Lauder,,,3800,78.0,5.0
Simply Nam,899.0,10.0,809,5.0,3.0
Colors Queen,325.0,15.0,276,508.0,24.0
Innisfree Fruity,890.0,15.0,757,20.0,5.0
,199.0,8.0,183,43.0,3.0
LoveChild Masaba,650.0,17.0,540,77.0,12.0
BLUR INDIA,599.0,9.0,545,14.0,
LAMEL Let,550.0,5.0,523,20.0,4.0
Just Herbs,745.0,27.0,544,963.0,14.0
Guerlain KissKiss,,,4200,,6.0
Too Faced,,,2200,72.0,8.0
Lakme Glitterati,799.0,10.0,719,695.0,9.0
Renee Cosmetics,750.0,30.0,525,3840.0,
Bella Vita,549.0,27.0,401,69.0,
Just Herbs,495.0,27.0,361,659.0,8.0
Focallure Airy,895.0,20.0,716,12.0,6.0
Benefit Cosmetics,,,1950,293.0,
Huda Beauty,,,1950,16.0,3.0
Praush Pout,650.0,10.0,585,540.0,3.0
Bobbi Brown,,,3350,10.0,5.0
TONYMOLY Hydrating,,,300,4195.0,
Iba PureLips,250.0,20.0,200,4031.0,20.0
Huda Beauty,,,1150,771.0,1.0
Manish Malhotra,799.0,25.0,599,3724.0,12.0
Love Earth,699.0,55.0,314,1242.0,9.0
Chambor Colour,1095.0,15.0,931,9.0,9.0
PAC Transparent,,,645,2211.0,
Insight Cosmetics,1380.0,20.0,1104,175352.0,
,,,1450,253.0,
Blue Heaven,90.0,5.0,86,29.0,5.0
Benefit Cosmetics,,,2850,6.0,11.0
MyGlamm Pout,,,799,24.0,10.0
Guerlain KissKiss,,,4150,17.0,6.0
Recode Lip,545.0,10.0,491,161.0,18.0
Stila Cosmetics,,,2275,7.0,4.0
Renee Cosmetics,949.0,18.0,779,32559.0,
Charmacy Milano,750.0,20.0,600,331.0,10.0
Recode Lip,545.0,10.0,491,161.0,18.0
Stila Cosmetics,,,2275,7.0,4.0
Renee Cosmetics,949.0,18.0,779,32559.0,
Charmacy Milano,750.0,20.0,600,331.0,10.0
Insight Cosmetics,,,200,147.0,24.0
Miss Claire,325.0,25.0,244,4075.0,12.0
Renee Cosmetics,249.0,20.0,199,61.0,5.0
Swiss Beauty,329.0,15.0,280,68.0,18.0
Lamel Lamel,295.0,10.0,266,896.0,2.0
Glamveda Serum,250.0,38.0,155,291.0,6.0
Elizabeth Arden,2550.0,10.0,2295,19.0,29.0
L.A. Girl,595.0,25.0,446,253.0,8.0
,470.0,10.0,423,71108.0,
Charlotte Tilbury,,,3650,132.0,6.0
M.A.C Satin,,,2300,1583.0,11.0
Inglot Matte,2400.0,10.0,2160,48.0,22.0
Shiseido VisionAiry,2500.0,50.0,1250,49.0,11.0
Mamaearth Nourishing,399.0,8.0,367,3475.0,3.0
Renee Cosmetics,499.0,15.0,425,136.0,8.0
LAURA MERCIER,,,3750,3.0,15.0
ENN Semi,649.0,32.0,441,829.0,
FLiCKA Tomato,325.0,22.0,254,145.0,10.0
Givenchy Rose,,,4200,48.0,8.0
Givenchy Le,,,4300,30.0,17.0
IBA Must,5516.0,35.0,3585,36.0,
NYX Professional,,,550,2354.0,2.0
Brwn Glass,595.0,3.0,579,83.0,3.0
Swiss Beauty,490.0,15.0,417,2.0,12.0
Colors Queen,325.0,40.0,195,123.0,10.0
Carlton London,1495.0,35.0,972,42.0,
Mila Beaut,360.0,15.0,306,,
Typsy Beauty,349.0,5.0,332,119.0,8.0
MCaffeine Shades,499.0,20.0,399,42.0,3.0
Blue Heaven,499.0,25.0,374,880.0,12.0
Milani Keep,1650.0,5.0,1568,,3.0
Gush Beauty,999.0,30.0,699,40.0,17.0
Matt look,399.0,25.0,299,975.0,24.0
M.A.C Macximal,,,2550,5.0,
Blue Heaven,399.0,15.0,339,578.0,7.0
Focallure Lasting,895.0,20.0,716,10.0,7.0
Swiss Beauty,289.0,12.0,254,8.0,4.0
Insight Cosmetics,599.0,10.0,539,21.0,
Swiss Beauty,169.0,12.0,149,257.0,4.0
DIAM BEAUTY,,,849,70.0,
House of,799.0,10.0,719,51.0,3.0
Renee Cosmetics,699.0,16.0,589,106.0,8.0
Urban Decay,,,2400,118.0,13.0
MCaffeine Shades,549.0,20.0,439,109.0,2.0
Iba Makeup,1906.0,35.0,1239,866.0,
Blue Heaven,300.0,20.0,240,982.0,7.0
Character Read,499.0,15.0,424,30.0,13.0
House of,,,349,244.0,
M.A.C Lustreglass,,,2800,6.0,6.0
Colorbar Sinful,1200.0,40.0,720,395.0,4.0
LAMEL Stain,595.0,10.0,536,3.0,4.0
VERYMISS Lip,120.0,30.0,84,553.0,6.0
Rhe Cosmetics,249.0,60.0,99,250.0,4.0
M.A.C Macximal,,,2550,1.0,
Florence by,1300.0,10.0,1170,156.0,6.0
Makeup Revolution,650.0,8.0,598,781.0,4.0
Rhe Cosmetics,249.0,60.0,99,250.0,4.0
M.A.C Macximal,,,2550,1.0,
Florence by,1300.0,10.0,1170,156.0,6.0
Makeup Revolution,650.0,8.0,598,781.0,4.0
Innisfree Hyaluronic,1100.0,15.0,935,89.0,
Recode Lip,495.0,10.0,446,84.0,6.0
Swiss Beauty,450.0,12.0,396,301.0,6.0
Charlotte Tilbury,,,3450,101.0,7.0
Kay Beauty,899.0,10.0,809,4999.0,
Renee Cosmetics,350.0,17.0,289,681.0,5.0
Blue Heaven,630.0,20.0,504,286.0,
FENTY BEAUTY,,,2050,14.0,10.0
Smashbox Be,,,2700,77.0,10.0
ENN Semi,649.0,32.0,441,419.0,
Givenchy Le,,,4050,135.0,56.0
Makeup Revolution,550.0,10.0,495,4.0,9.0
IBA Matte,499.0,30.0,349,45.0,10.0
Swiss Beauty,550.0,15.0,468,119.0,12.0
Too Faced,,,2790,59.0,4.0
Matt look,349.0,28.0,251,49.0,16.0
Kay Beauty,899.0,10.0,809,4999.0,
Renee Cosmetics,750.0,30.0,525,289.0,
IBA Must,599.0,25.0,449,1480.0,5.0
Colorbar Take,499.0,10.0,449,311.0,8.0
Mamaearth Feather,249.0,8.0,229,1315.0,3.0
,,,299,6.0,3.0
Chambor Colour,645.0,20.0,516,1324.0,5.0
Tint Cosmetics,650.0,10.0,585,9.0,1.0
Estee Lauder,,,3500,21.0,12.0
Matt look,,,499,54.0,4.0
FAE Beauty,1950.0,25.0,1463,3174.0,
,1199.0,40.0,719,266.0,5.0
M.A.C Satin,,,2800,25.0,
TNW The,250.0,21.0,198,1739.0,8.0
Quench Brightening,599.0,15.0,509,161.0,
Chambor Extreme,725.0,15.0,616,26.0,6.0
Flossy Cosmetics,,,699,124.0,7.0
,299.0,28.0,215,251.0,6.0
Nykaa Cosmetics,798.0,30.0,558,53409.0,
,1299.0,40.0,779,50.0,2.0
,299.0,28.0,215,251.0,6.0
Nykaa Cosmetics,798.0,30.0,558,53409.0,
,1299.0,40.0,779,50.0,2.0
FENTY BEAUTY,2900.0,25.0,2175,55.0,6.0
Bella Vita,449.0,56.0,199,74.0,3.0
,299.0,12.0,263,925.0,28.0
Estee Lauder,,,2450,62.0,2.0
Lakme Fashionista's,2520.0,18.0,2066,157547.0,
Milani Stay,1750.0,5.0,1663,109.0,12.0
LoveChild Masaba,950.0,20.0,760,343.0,5.0
LoveChild Masaba,600.0,20.0,480,429.0,4.0
Swiss Beauty,229.0,12.0,202,117.0,4.0
Mila Beaut,279.0,15.0,237,43.0,18.0
Renee Cosmetics,249.0,20.0,199,91.0,7.0
Avon Naturals,199.0,10.0,179,71.0,2.0
Insight Cosmetics,,,185,14.0,12.0
,1299.0,40.0,779,15.0,1.0
Insight Cosmetics,,,240,290.0,6.0
PAC Lip,,,2575,215.0,
,249.0,12.0,219,258.0,3.0
Mila Beaut,249.0,15.0,212,31.0,18.0
NARS Afterglow,,,2550,2.0,10.0
IBA Must,350.0,25.0,263,269.0,
MAE Cosmetics,,,849,,5.0
MCaffeine Cocoa,499.0,15.0,424,1280.0,6.0
Iba Makeup,1906.0,35.0,1239,506.0,
Gush Beauty,799.0,28.0,575,54.0,12.0
MCaffeine Lip,349.0,20.0,279,104.0,5.0
Milagro Beauty,1290.0,30.0,903,253.0,
SUGAR POP,349.0,40.0,209,100.0,19.0
Milani Color,,,850,190.0,
Revlon Nearly,999.0,20.0,799,382.0,3.0
Blue Heaven,299.0,15.0,254,1383.0,2.0
MAKE UP,,,2400,109.0,5.0
SUGAR Seal,649.0,7.0,604,2051.0,
Just Herbs,649.0,27.0,474,34.0,3.0
Just Herbs,495.0,20.0,396,1163.0,2.0
Colorbar Take,999.0,18.0,819,130.0,7.0
Coloressence Roseate,599.0,15.0,509,56.0,5.0
Maybelline New,987.0,15.0,839,152853.0,
IBA Must,499.0,25.0,374,2531.0,5.0
TYPE Beauty,799.0,10.0,719,33.0,6.0
MARS Non,349.0,20.0,279,691.0,16.0
Anastasia Beverly,,,2300,61.0,3.0
e.l.f. Cosmetics,650.0,10.0,585,23.0,7.0
PIXI Naturelle,,,1350,7.0,6.0
Swiss Beauty,299.0,15.0,254,219.0,3.0
Gush Beauty,999.0,30.0,699,26.0,8.0
M.A.C Ruby's,,,2800,76.0,
Jeffree Star,2590.0,10.0,2331,,13.0
Bobbi Brown,,,3300,96.0,3.0
Smashbox Be,,,2750,161.0,12.0
Givenchy Rose,,,4200,56.0,22.0
Insight Professional,,,280,1087.0,21.0
Guerlain Shine,,,4200,,13.0
M.A.C Lip,,,2300,198.0,
M.A.C Macximal,,,2550,4.0,
PAC Sweet,,,295,1605.0,26.0
Character Revolution,149.0,15.0,127,760.0,24.0
M.A.C Powder,,,3100,50.0,2.0
Charlotte Tilbury,,,3450,91.0,1.0
Swiss Beauty,349.0,25.0,262,3749.0,3.0
Matt look,399.0,28.0,287,1114.0,30.0
BLUR INDIA,699.0,22.0,545,96.0,5.0
MCaffeine Coffee,2020.0,16.0,1699,1467.0,
,299.0,12.0,263,389.0,27.0
Mila Beaut,249.0,15.0,212,134.0,
Lyon Beauty,499.0,20.0,399,111.0,2.0
Swiss Beauty,349.0,12.0,307,100.0,11.0
Rimmel London,560.0,30.0,392,1981.0,3.0
,219.0,8.0,201,106.0,4.0
,,,299,5.0,4.0
Beauty People,199.0,20.0,159,14.0,11.0
ColourPop Fresh,899.0,10.0,809,429.0,6.0
Manish Malhotra,950.0,20.0,760,1166.0,4.0
Milani Fruit,1875.0,5.0,1781,138.0,8.0
Revlon Colorstay,1099.0,20.0,879,220.0,10.0
VERYMISS Ultra,275.0,50.0,138,236.0,20.0
prishe beauty,1099.0,35.0,714,59.0,9.0
Gush Beauty,749.0,20.0,599,144.0,5.0
Colors Queen,299.0,26.0,221,14.0,21.0
prishe beauty,749.0,20.0,599,12.0,5.0
PAC Retro,,,550,2355.0,27.0
TNW The,699.0,29.0,496,627.0,8.0
MCaffeine Shades,449.0,20.0,359,60.0,9.0
Makeup Revolution,750.0,5.0,713,55.0,5.0
La Mior,660.0,10.0,594,1.0,18.0
Nykaa Cosmetics,658.0,28.0,477,173869.0,
e.l.f. Cosmetics,500.0,10.0,450,349.0,7.0
NYKAA Naturals,525.0,10.0,473,12.0,
Maybelline New,1398.0,20.0,1118,111830.0,
Lakme Primer,1249.0,33.0,837,73301.0,
SUGAR Play,499.0,5.0,474,230.0,4.0
Pilgrim Insta,545.0,22.0,425,174.0,3.0
Milani Amore,1500.0,5.0,1425,1191.0,6.0
Anastasia Beverly,2300.0,40.0,1380,59.0,5.0
Givenchy Le,,,4300,40.0,11.0
Milani Color,1250.0,5.0,1188,69.0,2.0
Swiss Beauty,490.0,15.0,417,4.0,12.0
Milani Color,700.0,5.0,665,394.0,2.0
Renee Cosmetics,599.0,17.0,499,28.0,5.0
Shiseido Techno,,,3000,5.0,19.0
,,,1850,82.0,
,,,1795,3.0,
,800.0,15.0,680,184.0,5.0
House of,599.0,10.0,539,272.0,7.0
Mamaearth Feather,499.0,8.0,459,1035.0,6.0
Gush Beauty,1050.0,33.0,704,322.0,5.0
NYKAA Naturals,525.0,10.0,473,11.0,
Insight Cosmetics,,,325,1381.0,19.0
Elizabeth Arden,1700.0,15.0,1445,75.0,3.0
VERYMISS Ultra,299.0,50.0,150,277.0,17.0
Lip Liner,1648.0,17.0,1368,25466.0,
DIOR Rouge,,,2900,,5.0
ColourPop Glowing,849.0,50.0,425,494.0,5.0
Bobbi Brown,,,3500,4.0,
,,,1795,6.0,
KIRO Ph,800.0,10.0,720,127.0,
Miss Claire,995.0,35.0,647,113.0,
Renee Stay,,,700,2307.0,2.0
Maybelline New,,,658,152862.0,
,275.0,10.0,248,398.0,2.0
M.A.C Lip,,,2300,5.0,
Nudestix Nudies,,,3500,41.0,5.0
Just Herbs,325.0,20.0,260,68.0,12.0
Colors Queen,249.0,29.0,177,64.0,13.0
Charmacy Milano,695.0,20.0,556,387.0,8.0
Smashbox Haute,,,3250,23.0,
Just Herbs,575.0,27.0,420,57.0,12.0
Bobbi Brown,,,3990,276.0,5.0
ColourPop Blotted,799.0,50.0,400,160.0,4.0
Brwn Transferproof,595.0,3.0,579,108.0,9.0
Chambor Extreme,895.0,15.0,761,60.0,3.0
PAC Moody,,,595,549.0,11.0
PIXI Tintfix,,,1550,89.0,5.0
Suroskie Dessert,1299.0,40.0,779,54.0,5.0
Colorbar All,550.0,22.0,429,1864.0,2.0
Miss Claire,295.0,15.0,251,12.0,21.0
Blue Heaven,249.0,15.0,212,7.0,3.0
Kay Beauty,1698.0,20.0,1358,22060.0,
Blue Heaven,249.0,15.0,212,7.0,3.0
Kay Beauty,1698.0,20.0,1358,22060.0,
DIOR Addict,,,4500,1.0,
Lotus Make,625.0,20.0,500,433.0,4.0
SoulTree Ayurvedic,,,1295,491.0,11.0
Chambor Tres,795.0,20.0,636,723.0,9.0
Lakme Beyond,425.0,15.0,361,12172.0,1.0
Makeup Revolution,695.0,5.0,660,392.0,
Typsy Beauty,1099.0,25.0,824,34.0,3.0
BLUR INDIA,599.0,9.0,545,227.0,6.0
,898.0,22.0,700,2720.0,
Insight Professional,,,170,956.0,22.0
NARS Precision,,,2250,,15.0
Tint Cosmetics,450.0,10.0,405,103.0,4.0
Milani Ludicrous,1275.0,5.0,1211,211.0,12.0
Typsy Beauty,1099.0,15.0,934,125.0,7.0
Blue Heaven,249.0,15.0,212,127.0,19.0
MyGlamm Lit,299.0,30.0,209,182.0,8.0
BLUR INDIA,599.0,9.0,545,13.0,10.0
DIOR Rouge,,,4500,215.0,3.0
,1899.0,25.0,1424,4.0,2.0
Revlon Super,1299.0,30.0,909,1.0,17.0
IBA Liquid,745.0,40.0,447,,
Insight Cosmetics,235.0,10.0,212,174493.0,
Lakme Duo,1300.0,33.0,871,73303.0,
Baked Beauty,498.0,50.0,249,22.0,10.0
Gush Beauty,789.0,24.0,600,286.0,4.0
L.A. Girl,250.0,25.0,188,479.0,6.0
MyGlamm Manish,799.0,25.0,599,220.0,6.0
Stila Cosmetics,2190.0,25.0,1643,5.0,8.0
LAMEL Crystal,595.0,5.0,565,3.0,5.0
Colors Queen,225.0,28.0,162,4.0,14.0
Milagro Beauty,1290.0,30.0,903,148.0,
Nudestix Magnetic,,,2850,90.0,4.0
MyGlamm Manish,799.0,25.0,599,141.0,7.0
La Mior,1980.0,10.0,1782,10.0,9.0
,640.0,18.0,525,59950.0,
,3999.0,10.0,3599,,
Iba Must,6040.0,35.0,3926,65.0,
,449.0,35.0,292,3221.0,3.0
Insight Professional,,,320,359.0,19.0
Coloressence Intense,450.0,10.0,405,812.0,4.0
PAC Lip,,,595,138.0,
M.A.C Macximal,,,2550,,
Lyon Beauty,1188.0,50.0,594,33.0,
Givenchy Le,,,4300,1.0,9.0
DIAM BEAUTY,,,849,70.0,
Miss Claire,150.0,25.0,113,1308.0,10.0
Renee Cosmetics,199.0,15.0,169,1311.0,14.0
ENN Color,299.0,13.0,260,849.0,
Too Faced,,,2690,88.0,4.0
Too Faced,,,2400,152.0,
Insight Cosmetics,,,180,2853.0,14.0
Half N,299.0,28.0,215,429.0,31.0
Glamveda X,250.0,38.0,155,46.0,9.0
Carlton London,1595.0,35.0,1037,37.0,
Renee Cosmetics,650.0,16.0,549,89.0,4.0
,349.0,14.0,300,15.0,17.0
HYUE HydraMatte,499.0,10.0,449,16.0,10.0
MCaffeine Shades,499.0,20.0,399,47.0,6.0
MyGlamm Manish,799.0,25.0,599,780.0,6.0
SUGAR Time,599.0,11.0,533,1316.0,2.0
IBA Must,350.0,25.0,263,109.0,3.0
Mila Beaut,249.0,15.0,212,97.0,24.0
IBA Must,499.0,30.0,349,16.0,4.0
ColourPop Just,799.0,50.0,400,307.0,7.0
Max Factor,999.0,40.0,599,7.0,1.0
Just Herbs,345.0,20.0,276,365.0,12.0
Milani Understatement,1195.0,5.0,1135,111.0,10.0
Makeup Revolution,650.0,12.0,572,1125.0,4.0
Blue Heaven,290.0,20.0,232,,12.0
Focallure FA,995.0,10.0,896,4.0,5.0
LoveChild Masaba,1200.0,20.0,960,2.0,
Guerlain Kisskiss,,,4200,14.0,9.0
Florence by,1400.0,10.0,1260,75.0,7.0
Just Herbs,425.0,20.0,340,235.0,12.0
Coloressence Roseate,550.0,15.0,468,116.0,5.0
Maybelline New,398.0,25.0,299,1077.0,
Biotique Starkissed,249.0,35.0,162,1278.0,30.0
MyGlamm LIT,595.0,35.0,387,597.0,4.0
Nudestix Soft,,,3100,30.0,
,1347.0,18.0,1104,3284.0,
Beauty People,349.0,50.0,175,7.0,11.0
Makeup Revolution,549.0,10.0,494,594.0,4.0
IBA Must,2895.0,35.0,1882,91.0,
Spekta Cosmetics,,,550,285.0,8.0
FAE Beauty,1300.0,20.0,1040,2563.0,
SUGAR Play,599.0,5.0,569,21.0,
HYUE HydraGlow,899.0,10.0,809,,4.0
,225.0,15.0,192,18.0,17.0
Swiss Beauty,822.0,25.0,617,27.0,
PAC Transparent,,,545,174.0,
LoveChild Masaba,1200.0,20.0,960,2.0,
Colors Queen,349.0,24.0,265,82.0,
,129.0,5.0,123,13.0,6.0
Revlon Eyeliner,275.0,30.0,193,389.0,1.0
Renee Cosmetics,199.0,15.0,169,3.0,1.0
M.A.C Macximal,,,2550,1.0,
Faces Canada,449.0,11.0,399,,15.0
Jeffree Star,2925.0,10.0,2633,,4.0
Milani Color,1075.0,5.0,1021,157.0,4.0
Gush Beauty,550.0,18.0,451,407.0,9.0
LAURA MERCIER,3000.0,20.0,2400,1.0,12.0
Chambor Colour,895.0,20.0,716,150.0,7.0
Typsy Beauty,899.0,10.0,809,11.0,
Makeup Revolution,695.0,10.0,626,323.0,5.0
Nourish Mantra,449.0,34.0,296,561.0,8.0
REFINE Beauty,699.0,10.0,629,13.0,11.0
La Mior,1125.0,10.0,1013,,4.0
Chambor Extreme,895.0,25.0,671,924.0,2.0
MAKEUP BY,249.0,60.0,99,120.0,4.0
Shopaarel Mix,3999.0,10.0,3599,21.0,
Gush Beauty,799.0,25.0,599,39.0,4.0
Earth Rhythm,998.0,25.0,748,13729.0,
IBA Must,2895.0,35.0,1882,91.0,
Gala of,99.0,5.0,94,2320.0,10.0
Coloressence Pure,399.0,15.0,339,177.0,7.0
BLUR India,599.0,9.0,545,23.0,4.0
Shopaarel Rich,1399.0,10.0,1259,2.0,
FLiCKA Set,499.0,22.0,389,89.0,23.0
Bobbi Brown,,,3100,20.0,
Maybelline New,,,1028,264681.0,
M.A.C Love,,,2200,777.0,3.0
House Of,599.0,10.0,539,136.0,5.0
Kryolan Lip,,,1500,34.0,5.0
LoveChild Masaba,999.0,20.0,799,252.0,
Swiss Beauty,648.0,25.0,486,8488.0,
Too Faced,,,2100,3377.0,3.0
SUGAR Play,399.0,5.0,379,306.0,3.0
MyGlamm Luscious,,,599,49.0,
Flossy Cosmetics,,,599,1.0,4.0
Nykaa Cosmetics,658.0,25.0,494,173871.0,
prishe beauty,849.0,28.0,611,16.0,5.0
CUFFS N,299.0,15.0,254,2.0,21.0
Tint Cosmetics,650.0,7.0,605,142.0,8.0
Parul Garg,695.0,5.0,660,,
Insight Cosmetics,300.0,10.0,270,58868.0,
Clinique Pop,,,2200,14.0,8.0
Swiss Beauty,590.0,17.0,490,28.0,9.0
Daughter Earth,745.0,10.0,671,167.0,6.0
Just Herbs,295.0,20.0,236,30.0,5.0
L.A. Girl,595.0,12.0,524,443.0,6.0
Insight Cosmetics,,,180,2081.0,7.0
Estee Lauder,,,3000,69.0,
Coloressence Moisturising,299.0,15.0,254,991.0,9.0
LAMEL Long,375.0,15.0,319,344.0,12.0
,249.0,10.0,224,27.0,4.0
The Skin,699.0,10.0,629,81.0,
Coloressence Intense,450.0,10.0,405,127.0,10.0
LAURA MERCIER,3100.0,20.0,2480,,14.0
Matt Look,199.0,8.0,183,369.0,18.0
LAURA MERCIER,2300.0,20.0,1840,2.0,6.0
Matt look,199.0,28.0,143,65.0,17.0
Blue Heaven,249.0,20.0,199,27.0,8.0
PAC Lip,,,245,81.0,2.0
Orgatre Matte,449.0,9.0,409,16.0,13.0
M.A.C Lip,,,2300,1.0,
SUGAR POP,699.0,43.0,398,25.0,
LAMEL Posh,550.0,25.0,413,11.0,8.0
Maybelline New,858.0,15.0,729,121462.0,
Stars Cosmetics,,,2500,39.0,
Kay Beauty,2199.0,18.0,1809,18402.0,
Makeup Revolution,750.0,5.0,713,77.0,9.0
PAC Insanely,,,495,354.0,11.0
Iba Makeup,1906.0,35.0,1239,107.0,
SUGAR Play,,,599,4.0,5.0
Rhe Cosmetics,499.0,60.0,199,42.0,
La Mior,2085.0,10.0,1877,6.0,4.0
Natasha Moor,2100.0,25.0,1575,104.0,17.0
Dear Dahlia,,,1650,30.0,
Miss Claire,250.0,35.0,163,1268.0,20.0
Tint Cosmetics,540.0,10.0,486,39.0,4.0
,199.0,8.0,183,289.0,9.0
Swiss Beauty,299.0,15.0,254,,36.0
Matt look,349.0,20.0,279,7.0,18.0
ZM Zayn,445.0,25.0,334,1249.0,
M.A.C Ruby's,,,2800,54.0,
Beauty People,299.0,40.0,179,464.0,17.0
Manish Malhotra,799.0,25.0,599,136.0,
M.A.C MACximal,,,2550,,
Renee Cosmetics,750.0,15.0,639,48.0,4.0
Iba Must,6040.0,35.0,3926,8.0,
Urban Decay,,,2300,6.0,7.0
Revlon Ultra,985.0,20.0,788,94.0,1.0
Blue Heaven,300.0,18.0,246,1436.0,5.0
Kay Beauty,1698.0,20.0,1358,22060.0,
Rude Cosmetics,,,295,255.0,16.0
PAC Precisionist,,,385,432.0,12.0
TNW The,720.0,31.0,497,137.0,2.0
Too Faced,,,2550,8.0,3.0
,898.0,22.0,700,1463.0,
Earth Rhythm,599.0,20.0,479,9.0,5.0
ColourPop Lux,999.0,50.0,500,200.0,3.0
Rimmel London,600.0,30.0,420,604.0,5.0
AYA Yes,,,199,152.0,10.0
Character Shape,199.0,15.0,169,19.0,14.0
Faces Canada,898.0,30.0,630,8581.0,
ENN Mini,545.0,8.0,501,,
Glamveda Creamy,250.0,21.0,198,27.0,9.0
Max Factor,1100.0,20.0,880,3.0,8.0
NARS Mini,,,4200,,
PERPAA Velvet,549.0,32.0,373,4.0,12.0
PAC Matte,,,595,54.0,8.0
Lotus Make,725.0,20.0,580,447.0,4.0
Guess Seductive,5100.0,35.0,3315,37.0,1.0
Renee Cosmetics,499.0,15.0,425,47.0,4.0
Makeup Revolution,695.0,5.0,660,32.0,3.0
Kay Beauty,1698.0,15.0,1444,22060.0,
M.A.C Cremesheen,,,2300,435.0,4.0
Revolution Relove,250.0,35.0,163,83.0,7.0
M.A.C Macximal,,,2550,,
Puttisu India,,,990,4.0,2.0
Colorbar Sinful,,,1250,4.0,5.0
Gush Beauty,999.0,30.0,699,9.0,8.0
Juicy Chemistry,400.0,20.0,320,130.0,
Insight Professional,,,405,148.0,21.0
TNW The,499.0,25.0,374,585.0,3.0
ENN Transferproof,299.0,13.0,260,280.0,10.0
Lancome L',3500.0,10.0,3150,22.0,2.0
Swiss Beauty,935.0,25.0,701,1.0,
Clarins Lip,,,1950,,5.0
LAMEL Silk,395.0,18.0,324,46.0,8.0
Disney Frozen,550.0,15.0,469,210.0,
Iba Must,6040.0,35.0,3926,21.0,
Daily Life,,,699,630.0,3.0
Parul Garg,1485.0,5.0,1410,75.0,
Colorbar Soothing,750.0,15.0,638,9.0,1.0
Renee Cosmetics,350.0,17.0,289,61.0,
M.A.C MACximal,,,2550,,
Maybelline New,1198.0,15.0,1018,10598.0,
Lancome L',3200.0,10.0,2880,35.0,2.0
Colors Queen,225.0,32.0,153,25.0,
Baked Beauty,249.0,40.0,149,2.0,5.0
Lancome L',3200.0,10.0,2880,72.0,1.0
Baked Beauty,1299.0,54.0,598,14.0,
Orgatre Lip,299.0,13.0,260,27.0,4.0
MyGlamm POPxo,349.0,20.0,279,616.0,2.0
L.A. Girl,799.0,20.0,639,3.0,6.0
Clinique X,,,2200,60.0,3.0
,,,1075,42.0,
Makeup Revolution,795.0,10.0,716,124.0,2.0
Clarins Joli,,,2500,,8.0
MyGlamm Ultimatte,499.0,25.0,374,499.0,4.0
Manish Malhotra,799.0,25.0,599,117.0,
PAC Soft,,,635,343.0,18.0
Coloressence Moist,225.0,10.0,203,244.0,11.0
Character Poppins,299.0,15.0,254,83.0,6.0
FAE Beauty,1300.0,20.0,1040,1384.0,
Orgatre Moodbliss,499.0,10.0,449,18.0,13.0
FASHION COLOUR,299.0,20.0,239,2.0,19.0
,235.0,10.0,212,55796.0,
,199.0,8.0,183,28.0,
SUGAR POP,299.0,15.0,254,1135.0,12.0
Shopaarel Gloss,999.0,20.0,799,23.0,10.0
Makeup Revolution,695.0,24.0,495,193.0,5.0
Stila Cosmetics,2190.0,10.0,1971,2.0,4.0
PAC Matte,,,895,35.0,10.0
Colorbar Diva,699.0,20.0,559,88.0,2.0
Character Minikin,249.0,15.0,212,156.0,6.0
Tint Cosmetics,650.0,7.0,605,55.0,
Pigment Play,1750.0,15.0,1488,62.0,
ZM Zayn,399.0,35.0,259,426.0,9.0
Faces Canada,550.0,32.0,374,63440.0,
LOVETC Bold,,,900,2.0,10.0
Gush Beauty,999.0,30.0,699,7.0,9.0
Type Beauty,999.0,35.0,649,120.0,15.0
Renee Cosmetics,550.0,15.0,469,152.0,5.0
Europe Girl,1950.0,10.0,1755,,
Brwn Lip,595.0,3.0,579,390.0,7.0
KIRO Glossfinity,1175.0,20.0,940,7.0,
KIRO Rizz,800.0,30.0,560,197.0,3.0
Givenchy Lip,,,2500,30.0,2.0
Baked Beauty,399.0,53.0,188,5.0,3.0
LoveChild Masaba,1200.0,20.0,960,2.0,
Coloressence Intense,499.0,10.0,449,177.0,16.0
LoveChild Masaba,1200.0,20.0,960,2.0,
Just Herbs,425.0,20.0,340,25.0,6.0
LAMEL Powder,395.0,25.0,296,41.0,10.0
KINDED Liquid,399.0,25.0,299,20.0,10.0
Jovan Musk,1850.0,30.0,1295,29.0,
Colors Queen,449.0,27.0,328,4.0,24.0
M.A.C Lip,,,2300,,
Inglot HD,3000.0,10.0,2700,17.0,13.0
Just Herbs,545.0,27.0,398,3.0,6.0
LoveChild Masaba,1200.0,20.0,960,2.0,
Too Faced,,,2600,8.0,
M.A.C Lip,,,2300,1.0,
Lotus Organics,595.0,20.0,476,97.0,3.0
,900.0,5.0,855,18.0,2.0
MyGlamm Super,499.0,25.0,374,13.0,6.0
MyGlamm POSE,599.0,30.0,419,437.0,9.0
FLiCKA Tomato,275.0,20.0,220,51.0,19.0
House Of,499.0,40.0,299,37.0,10.0
,199.0,8.0,183,58.0,24.0
Too Faced,,,1450,10.0,
Lakme Lip,1425.0,33.0,955,62438.0,
Parul Garg,445.0,5.0,423,,
M.A.C Lip,,,2200,19.0,2.0
L.A. Girl,675.0,25.0,506,26.0,
MyGlamm Lit,499.0,30.0,349,119.0,9.0
Spekta Cosmetics,,,550,13.0,
M.A.C Matte,,,1950,98.0,2.0
Miss Claire,550.0,25.0,413,53.0,
Coloressence Roseate,750.0,20.0,600,56.0,13.0
LOVETC Pout,,,1050,1.0,16.0
Nudestix Beachy,,,3100,30.0,
Milagro Beauty,1290.0,30.0,903,21.0,
CHIPMUNK Lip,999.0,35.0,649,44.0,3.0
Rodial Vegan,,,3200,,2.0
Glamveda Mini,250.0,38.0,155,34.0,6.0
Insight Professional,,,280,132.0,22.0
Nourish Mantra,899.0,39.0,548,348.0,2.0
M.A.C Amplified,,,2550,536.0,5.0
,219.0,8.0,201,60.0,3.0
Renee Cosmetics,599.0,17.0,499,221.0,3.0
Anastasia Beverly,,,2300,33.0,
Too Faced,,,3300,4.0,
Inglot AMC,2100.0,10.0,1890,32.0,19.0
FAE Beauty,1950.0,25.0,1463,2336.0,
Kryolan Lipstick,,,600,9.0,10.0
LAMEL Lip,135.0,15.0,115,105.0,5.0
,1299.0,25.0,974,4.0,2.0
The Real,675.0,50.0,338,13.0,9.0
Swiss Beauty,558.0,25.0,419,14710.0,
Lavenza PH,,,450,52.0,
Miss Claire,1375.0,35.0,894,113.0,
Gush Beauty,735.0,19.0,595,126.0,
Glamveda Always,250.0,38.0,155,83.0,11.0
Florence by,1300.0,10.0,1170,44.0,5.0
Estee Lauder,,,3900,145.0,3.0
KINDED Satin,299.0,5.0,284,15.0,8.0
Milani Keep,1600.0,5.0,1520,27.0,4.0
L.A. Girl,695.0,5.0,660,86.0,10.0
,898.0,22.0,700,2435.0,
Dear Dahlia,,,1650,32.0,
Colors Queen,425.0,23.0,327,28.0,16.0
Charmacy Milano,695.0,25.0,521,89.0,9.0
Moira Lip,1100.0,15.0,935,7.0,7.0
Lakme Turn,1248.0,25.0,941,96297.0,
Ora d'oro,1765.0,46.0,953,44.0,6.0
L.A. Girl,1095.0,10.0,986,,10.0
FLiCKA Lip,399.0,22.0,311,15.0,5.0
Love Earth,1496.0,55.0,673,13880.0,
Milagro Beauty,1390.0,30.0,973,30.0,
PAC Xoxo,,,1295,,2.0
Max Factor,800.0,20.0,640,36.0,3.0
,365.0,10.0,329,65261.0,
Renee Cosmetics,350.0,17.0,289,107.0,3.0
FLiCKA Weightless,399.0,22.0,311,30.0,12.0
L.A. Girl,250.0,25.0,188,179.0,2.0
IBA Moisture,299.0,25.0,224,76.0,3.0
L.A. Girl,675.0,25.0,506,87.0,
Milani Amore,1400.0,5.0,1330,108.0,5.0
Colors Queen,299.0,24.0,227,,21.0
Swiss Beauty,329.0,12.0,290,5.0,
Blue Heaven,275.0,15.0,234,69.0,4.0
Lotus Make,595.0,20.0,476,94.0,6.0
Just Herbs,595.0,27.0,434,,5.0
FASHION COLOUR,350.0,25.0,263,129.0,7.0
Maybelline New,,,658,152855.0,
Miss Claire,250.0,20.0,200,126.0,
PAC Auto,,,285,606.0,7.0
Color Chemistry,1049.0,20.0,839,31.0,6.0
Keauty Beauty,485.0,12.0,427,35.0,18.0
Focallure FA,,,995,2.0,4.0
Gush Beauty,999.0,30.0,699,7.0,4.0
TNW The,999.0,30.0,699,148.0,
PAT McGRATH,,,2700,259.0,2.0
LOVETC Gloss,,,800,,3.0
Colors Queen,199.0,15.0,169,2.0,18.0
Focallure Watery,775.0,10.0,698,,6.0
Glamveda Matte,299.0,40.0,179,13.0,22.0
,,,1075,132.0,
Maybelline New,1298.0,15.0,1103,119363.0,
PAC Matte,,,645,237.0,11.0
Makeup By,499.0,60.0,199,17.0,
Maybelline New,,,658,152854.0,
Lotus Make,595.0,20.0,476,227.0,1.0
Biotique Diva,800.0,35.0,520,71.0,12.0
Makeup Revolution,375.0,5.0,356,140.0,6.0
M.A.C Lip,,,2300,2.0,
FASHION COLOUR,299.0,25.0,224,386.0,1.0
Rimmel London,550.0,30.0,385,1010.0,3.0
Biotique Diva,499.0,35.0,324,416.0,12.0
Maybelline New,1598.0,15.0,1278,35907.0,
Type Beauty,999.0,35.0,649,130.0,15.0
Just Herbs,695.0,27.0,507,20.0,6.0
Half N,379.0,25.0,284,11.0,18.0
ICONIC London,,,2590,34.0,2.0
Coloressence Lip,,,899,,
Kiro Hydra,800.0,30.0,560,117.0,4.0
KIRO Glossfinity,1175.0,20.0,940,4.0,
House of,599.0,10.0,539,,3.0
,1199.0,40.0,719,47.0,1.0
Rufa Beauty,,,799,1.0,3.0
Orgatre Moodbliss,329.0,30.0,230,17.0,6.0
,549.0,48.0,285,57.0,33.0
Carlton London,995.0,25.0,746,13.0,
Aravi Organic,399.0,61.0,156,1215.0,2.0
Nykaa All,425.0,25.0,319,172.0,
Aravi Organic,399.0,61.0,156,1215.0,2.0
Nykaa All,425.0,25.0,319,172.0,
PAT McGRATH,,,2300,57.0,5.0
Colors Queen,325.0,15.0,276,3.0,
Lakme Lip,1500.0,33.0,1005,52698.0,
GLEVA Silky,399.0,15.0,339,11.0,6.0
Renee Cosmetics,499.0,15.0,425,962.0,3.0
Earth Rhythm,998.0,25.0,748,16598.0,
IBA Long,399.0,30.0,279,45.0,3.0
Nykaa Cosmetics,625.0,40.0,375,1846.0,5.0
Elitty Matte,399.0,38.0,247,,6.0
M.A.C Lip,,,2300,1.0,
Lotus Make,695.0,20.0,556,4.0,5.0
Milani Supercharged,,,1450,97.0,1.0
Gush Beauty,899.0,22.0,701,1.0,10.0
Rude Cosmetics,,,400,171.0,4.0
VERYMISS Ultra,295.0,25.0,222,2.0,13.0
Maybelline New,,,798,69331.0,
Keauty Beauty,699.0,15.0,594,8.0,17.0
Miss Claire,275.0,10.0,248,22007.0,12.0
Rufa Beauty,899.0,15.0,764,22.0,3.0
Max Factor,900.0,20.0,720,157.0,6.0
Swiss Beauty,578.0,25.0,434,37738.0,
PAC Soft,,,225,124.0,3.0
Lyon Beauty,399.0,40.0,239,39.0,22.0
Renee Cosmetics,750.0,15.0,639,24.0,4.0
Focallure Shine,695.0,10.0,626,2.0,3.0
ENN Semi,649.0,32.0,441,7.0,
Baked Beauty,375.0,47.0,199,6.0,4.0
NARS Ultimate,,,3500,1.0,2.0
Lotus Make,675.0,20.0,540,6.0,3.0
La Mior,875.0,10.0,788,4.0,7.0
Anastasia Beverly,2200.0,40.0,1320,21.0,
IBA Must,2895.0,35.0,1882,25.0,
Baked Beauty,849.0,53.0,399,3.0,
FASHION COLOUR,199.0,20.0,159,2.0,3.0
Maybelline New,,,1198,33381.0,
Baked Beauty,949.0,53.0,446,1.0,
Max Factor,900.0,20.0,720,29.0,8.0
DIOR Rouge,,,2900,,2.0
By Terry,3625.0,10.0,3263,8.0,5.0
PAC Intimatte,,,695,33.0,12.0
Lakme Lip,1497.0,10.0,1347,108.0,
Focallure FA,795.0,30.0,557,2.0,21.0
M.A.C Macximal,,,2550,,
Florence by,1300.0,10.0,1170,15.0,2.0
Beauty People,349.0,50.0,175,2.0,14.0
Earth Rhythm,998.0,25.0,748,18409.0,
Colors Queen,299.0,27.0,218,4.0,21.0
Paese Cosmetics,,,1399,15.0,4.0
PAT McGRATH,,,3100,,
M.A.C Lip,,,2300,,
SUGAR POP,299.0,15.0,254,224.0,10.0
Earth Rhythm,998.0,25.0,748,5959.0,
,119.0,5.0,113,3.0,2.0
Faces Canada,674.0,28.0,484,35366.0,
,599.0,48.0,311,44.0,24.0
,285.0,15.0,242,51228.0,
Lotus Make,375.0,20.0,300,589.0,2.0
Guerlain Contour,,,3300,,6.0
,999.0,40.0,599,4.0,
NYX Professional,,,699,112.0,1.0
Shiseido Lipliner,,,2200,2.0,6.0
Paese Cosmetics,,,1499,42.0,3.0
FASHION COLOUR,299.0,20.0,239,8.0,18.0
Guerlain Kisskiss,,,4375,,
The Real,865.0,60.0,346,7.0,10.0
Inglot Lipsatin,1200.0,10.0,1080,8.0,4.0
Makeup Revolution,695.0,8.0,639,155.0,3.0
PAC XOXO,795.0,10.0,716,10.0,13.0
Paese Cosmetics,1599.0,70.0,480,38.0,2.0
BLUR INDIA,699.0,22.0,545,1.0,
,295.0,5.0,280,22.0,
Shryoan Butter,249.0,15.0,212,,17.0
Too Faced,,,4200,,
Colorbar Starlit,699.0,20.0,559,744.0,1.0
Makeup Revolution,695.0,5.0,660,15.0,
Renee Cosmetics,550.0,15.0,469,269.0,
Tint Cosmetics,649.0,10.0,584,,3.0
Miss Claire,950.0,25.0,713,56.0,
Love Earth,299.0,10.0,269,160.0,
Maybelline New,1997.0,15.0,1697,197979.0,
FLiCKA Essential,399.0,22.0,311,17.0,6.0
Focallure FA,595.0,20.0,476,1.0,12.0
Elitty Jelly,499.0,40.0,299,76.0,8.0
MyGlamm LIT,,,495,644.0,4.0
Max Factor,,,900,,8.0
Spekta Cosmetics,,,550,89.0,1.0
Indulgeo Essentials,640.0,20.0,512,195.0,
AYA Super,,,499,75.0,
Matt look,399.0,25.0,299,8.0,6.0
Baked Beauty,375.0,47.0,199,3.0,4.0
Earth Rhythm,998.0,25.0,748,10639.0,
L.A. Girl,650.0,30.0,455,79.0,3.0
CUFFS N,399.0,15.0,339,,
,295.0,5.0,280,62.0,
KIRO The,1750.0,25.0,1313,460.0,
Glamveda High,325.0,40.0,195,65.0,12.0
Inatur Lip,295.0,25.0,221,344.0,6.0
Moira Glow,1060.0,15.0,901,14.0,4.0
,149.0,5.0,142,46.0,17.0
Ronzille Lip,199.0,10.0,179,1.0,2.0
Boujee Beauty,799.0,30.0,559,4.0,
Flower Beauty,1100.0,50.0,550,206.0,3.0
Keya Seth,649.0,40.0,389,42.0,8.0
L.A. Girl,675.0,20.0,540,63.0,4.0
Inglot Kiss,2500.0,10.0,2250,6.0,5.0
PAC Retro,,,1275,80.0,
Baked Beauty,849.0,53.0,399,4.0,
Rude Cosmetics,,,595,155.0,10.0
Diego dalla,1950.0,20.0,1560,5.0,6.0
PIXI Botanical,,,1550,26.0,
Renee Cosmetics,750.0,30.0,525,370.0,
July Vibrant,499.0,30.0,349,5.0,5.0
Miss Claire,150.0,25.0,113,1144.0,1.0
Miss Claire,395.0,20.0,316,48.0,
Lenphor Colour,,,499,210.0,3.0
Revlon Kohl,275.0,20.0,220,762.0,
Rude Cosmetics,,,350,181.0,18.0
Colors Queen,498.0,40.0,299,,
Natasha Moor,2300.0,25.0,1725,35.0,15.0
Mila Beaut,360.0,15.0,306,,
Colorbar Date,1198.0,28.0,863,24063.0,
Character Fabulous,649.0,15.0,552,40.0,7.0
Character Lip,699.0,15.0,594,32.0,4.0
Faces Canada,514.0,31.0,354,91261.0,
Color Chemistry,1049.0,20.0,839,,3.0
SoulTree Lip,,,1095,29.0,3.0
Focallure Sparkling,995.0,10.0,896,1.0,2.0
M.A.C Macximal,,,2550,,
LAURA MERCIER,2700.0,20.0,2160,2.0,11.0
Coloressence Matte,299.0,10.0,269,65.0,3.0
Tint Cosmetics,750.0,10.0,675,,2.0
Fabessentials Coconut,195.0,10.0,176,43.0,
Makeup Revolution,650.0,10.0,585,35.0,6.0
Faces Canada,1038.0,29.0,738,89721.0,
Renee Cosmetics,599.0,20.0,479,,1.0
Elitty Make,299.0,17.0,248,1.0,4.0
FLENC Cryla,,,689,,6.0
Charmacy Milano,495.0,25.0,371,48.0,3.0
Max Factor,1100.0,20.0,880,59.0,1.0
BLUR INDIA,699.0,22.0,545,,
Rude Cosmetics,,,450,336.0,2.0
Sigma Beauty,2050.0,30.0,1435,72.0,3.0
Miss Claire,600.0,25.0,450,40.0,
ETUDE HOUSE,1350.0,10.0,1215,199.0,
Faces Canada,1298.0,30.0,914,44203.0,
Lotus Make,695.0,20.0,556,59.0,1.0
Fran Wilson,,,7900,1.0,
Matt Look,249.0,25.0,187,485.0,7.0
Pierre Cardin,1075.0,36.0,688,15.0,12.0
Type Beauty,799.0,10.0,719,2.0,3.0
Color Chemistry,749.0,20.0,599,4.0,1.0
FLiCKA Essential,399.0,22.0,311,13.0,6.0
Wet n,325.0,10.0,293,259.0,1.0
MAKE UP,,,2100,49.0,1.0
Renee Cosmetics,750.0,15.0,639,,2.0
Essence Long,340.0,20.0,272,70.0,8.0
Inglot Soft,1500.0,10.0,1350,,6.0
Keya Seth,499.0,40.0,299,130.0,5.0
Orgatre Lush,499.0,10.0,449,5.0,1.0
Charmacy Milano,695.0,25.0,521,43.0,4.0
,1299.0,40.0,779,34.0,1.0
ETUDE HOUSE,,,950,144.0,
Character Lip,999.0,15.0,849,15.0,
Miss Claire,750.0,25.0,563,42.0,
Renee Cosmetics,1250.0,28.0,899,32.0,
Inglot Lipsatin,2500.0,10.0,2250,5.0,12.0
Makeup Revolution,595.0,10.0,536,45.0,
Miss Claire,650.0,25.0,488,54.0,
Beauty People,249.0,40.0,149,2.0,6.0
Essence Stay,430.0,20.0,344,80.0,5.0
M.A.C Powder,,,3400,2.0,
Maybelline New,,,1648,42792.0,
Lamel Lamel,295.0,5.0,280,292.0,
FASHION COLOUR,299.0,20.0,239,2.0,19.0
Coloressence Semi,650.0,25.0,488,100.0,12.0
Focallure FA,550.0,25.0,413,2.0,15.0
Jeffree Star,2590.0,15.0,2202,,6.0
Olivia Liquid,249.0,10.0,224,33.0,8.0
Half N,249.0,25.0,187,389.0,5.0
AYA True,,,249,19.0,
Miss Claire,1425.0,25.0,1069,39.0,
Revolution Pro,695.0,35.0,452,87.0,6.0
Max Factor,800.0,20.0,640,183.0,2.0
LAURA MERCIER,,,2500,,9.0
Beauty People,299.0,45.0,164,7.0,8.0
Protouch Lip,599.0,26.0,443,91.0,2.0
Aravi Organic,199.0,49.0,101,294.0,1.0
Maybelline New,1648.0,20.0,1318,35261.0,
Daughter Earth,875.0,10.0,788,23.0,3.0
Essence Stay,430.0,20.0,344,22.0,4.0
Milani Color,1075.0,5.0,1021,5.0,
AYA True,,,249,83.0,
Milani Color,1075.0,5.0,1021,131.0,3.0
Dear Dahlia,,,2800,8.0,2.0
Focallure Kissproof,675.0,20.0,540,,6.0
,285.0,15.0,242,55336.0,
Guerlain Kiss,,,3950,5.0,
ENN Pout,450.0,14.0,387,256.0,4.0
Nudestix Gel,,,2850,15.0,4.0
Sedell Paris,,,595,2.0,24.0
Shryoan Rich,349.0,15.0,297,6.0,15.0
Smashbox Be,,,2650,1.0,
L.A. Girl,595.0,30.0,417,28.0,4.0
Carlton London,895.0,25.0,671,,
VERYMISS Matte,295.0,40.0,177,8.0,3.0
,599.0,40.0,359,464.0,4.0
,299.0,15.0,254,87.0,15.0
Swiss Beauty,747.0,25.0,560,31451.0,
Maybelline New,,,658,152853.0,
Miss Claire,250.0,20.0,200,130.0,
Makeup Revolution,495.0,15.0,421,216.0,4.0
Lyon Beauty,299.0,15.0,254,17.0,
,399.0,48.0,207,28.0,24.0
MyGlamm Perfect,,,695,167.0,1.0
STAZE De,1316.0,21.0,1040,184.0,
Pigment Play,499.0,10.0,449,10.0,8.0
Stars Cosmetics,,,600,18.0,12.0
FASHION COLOUR,300.0,25.0,225,36.0,2.0
FAE Beauty,1050.0,25.0,788,1771.0,
Blue Heaven,290.0,15.0,246,27369.0,
Faces Canada,1198.0,26.0,888,60499.0,
FASHION COLOUR,300.0,25.0,225,28.0,3.0
METABU Super,649.0,20.0,519,1.0,12.0
Dear Dahlia,,,3100,,
Paese Cosmetics,,,1499,20.0,1.0
Carlton London,635.0,35.0,413,,4.0
BLUR INDIA,599.0,9.0,545,1.0,
Lenphor Treasure,,,599,58.0,14.0
Incolor Professional,,,299,79.0,4.0
KIRO The,1750.0,25.0,1313,1839.0,
Milani Must,3900.0,5.0,3705,42.0,
PAC Lip,,,575,36.0,6.0
Swiss Beauty,919.0,25.0,689,174.0,
Earth Rhythm,998.0,25.0,748,7770.0,
NEYAH Mid,,,325,15.0,12.0
Givenchy Le,,,4200,,1.0
Maybelline New,,,1124,68959.0,
M.A.C Lip,,,2300,1.0,
Makeup Revolution,395.0,15.0,336,301.0,1.0
Wearified Butter,,,899,1.0,4.0
Diego dalla,2120.0,20.0,1696,3.0,5.0
Inglot Kiss,2500.0,10.0,2250,10.0,4.0
Baked Beauty,375.0,47.0,199,4.0,4.0
FAE Beauty,1198.0,20.0,958,596.0,
FLiCKA FLiCKA,799.0,35.0,519,7.0,7.0
Keauty Beauty,399.0,8.0,367,7.0,6.0
Biotique Starlit,550.0,30.0,385,63.0,6.0
L.A. Girl,675.0,30.0,473,26.0,10.0
L.A. Girl,675.0,19.0,547,28.0,8.0
Miss Claire,1170.0,25.0,878,99.0,
Organic Harvest,595.0,35.0,387,6.0,7.0
Stila Cosmetics,2190.0,15.0,1862,1.0,2.0
Biotique Starshimmer,450.0,35.0,293,162.0,8.0
C.A.L Los,,,385,6.0,6.0
Paese Cosmetics,1599.0,20.0,1279,33.0,5.0
Carlton London,695.0,35.0,452,,9.0
Maybelline New,,,1048,120910.0,
L.A. Girl,675.0,25.0,506,28.0,6.0
Carlton London,635.0,35.0,413,1.0,8.0
VERYMISS Matte,295.0,40.0,177,36.0,10.0
Stars Cosmetics,,,650,17.0,9.0
Maybelline New,,,1048,120910.0,
Coloressence Roseate,550.0,15.0,468,26.0,2.0
Shopaarel Gloss,999.0,20.0,799,6.0,11.0
Florence by,1150.0,10.0,1035,17.0,3.0
KINDED Lip,549.0,27.0,399,15.0,10.0
,299.0,25.0,224,2.0,4.0
Wearified Lip,,,999,5.0,5.0
Milani Bold,1075.0,5.0,1021,32.0,3.0
Lenphor Matt,,,799,29.0,9.0
Coloressence Lipstay,,,699,1.0,
Inglot Me,2500.0,10.0,2250,1.0,4.0
ALiX AViEN,,,1050,18.0,8.0
Flower Beauty,1100.0,50.0,550,10.0,1.0
Joyology Beauty,,,699,,6.0
PAC Lip,,,645,,
Olivia Tints,499.0,20.0,399,1.0,7.0
Shryoan Chic,229.0,15.0,195,4.0,18.0
LN PRO,350.0,10.0,315,,4.0
PAC Precisionist,,,1195,6.0,
Coloressence Pure,399.0,15.0,339,50.0,2.0
Blue Heaven,330.0,16.0,277,14823.0,
Milani Color,1075.0,5.0,1021,37.0,
Lenphor Rebel,,,599,21.0,4.0
Character Creamy,949.0,15.0,807,10.0,2.0
Milani Color,1075.0,5.0,1021,5.0,
CUFFS N,399.0,15.0,339,1.0,
Givenchy Le,,,4200,,
Moody Vitamin,349.0,7.0,325,139.0,4.0
Sedell Paris,,,599,,13.0
Recode Get,499.0,20.0,399,9.0,
TNW The,999.0,30.0,699,82.0,
Colors Queen,999.0,28.0,719,100.0,3.0
Miss Claire,1595.0,25.0,1196,23.0,
asa Day,,,990,2.0,
Rude Cosmetics,,,400,147.0,5.0
KINDED Lip,599.0,33.0,399,11.0,4.0
BH Cosmetics,325.0,25.0,244,7.0,6.0
Beromt Date,599.0,20.0,479,,
Paese Cosmetics,,,1699,9.0,2.0
L Factor,,,625,,6.0
Note Cosmetique,,,725,,9.0
FLiCKA Lip,599.0,22.0,467,8.0,5.0
L.A. Girl,650.0,24.0,494,31.0,7.0
PAC Retro,,,1275,15.0,
FASHION COLOUR,199.0,20.0,159,,
Miss Claire,1095.0,25.0,821,3.0,
Nykaa Cosmetics,1524.0,31.0,1058,79360.0,
Revolution Pro,850.0,35.0,553,12.0,4.0
Makeup Revolution,699.0,15.0,594,67.0,3.0
Beromt Mini,599.0,20.0,479,,
FLENC Ritzy,,,749,1.0,6.0
ENN Mousse,849.0,12.0,747,,
Miss Claire,500.0,25.0,375,22.0,
ALiX AViEN,,,850,18.0,2.0
Shryoan Flirt,199.0,15.0,169,7.0,3.0
FASHION COLOUR,200.0,25.0,150,33.0,1.0
Rhe Cosmetics,499.0,70.0,149,1.0,
Blue Heaven,998.0,25.0,748,214.0,
Maybelline New,,,1124,68959.0,
Stars Cosmetics,,,550,12.0,3.0
Sedell Paris,,,575,1.0,21.0
Bobbi Brown,,,3990,446.0,2.0
Lakme Eyeconic,650.0,15.0,553,6.0,
FLiCKA Lasting,699.0,22.0,545,9.0,5.0
Daughter Earth,1395.0,20.0,1116,42.0,3.0
Beauty People,299.0,45.0,164,1.0,8.0
VERYMISS Set,1180.0,30.0,826,2.0,
Disguise Cosmetics,,,700,603.0,1.0
Makeup Revolution,695.0,10.0,626,37.0,
Colors Queen,498.0,40.0,299,,
The Skin,499.0,10.0,449,,4.0
Paese Cosmetics,1599.0,70.0,480,15.0,1.0
Makeup Revolution,650.0,15.0,553,7.0,
Diego dalla,1660.0,20.0,1328,4.0,13.0
Scarlett Cosmetic,2850.0,20.0,2280,1.0,5.0
PAC Retro,,,1275,3.0,
Milani Color,1075.0,5.0,1021,12.0,
CUFFS N,325.0,15.0,276,1.0,
ZM Zayn,349.0,35.0,227,243.0,1.0
Makeup Revolution,795.0,5.0,755,9.0,
Character Gossip,749.0,15.0,637,1.0,4.0
Milani Supercharged,1450.0,5.0,1378,31.0,2.0
Jaquline USA,,,699,4.0,5.0
BLUR INDIA,599.0,27.0,437,1.0,
Boujee Beauty,799.0,30.0,559,2.0,
Street Wear,499.0,20.0,399,25.0,4.0
Just Herbs,2495.0,27.0,1821,8.0,
Spekta Cosmetics,,,999,2.0,
Max Factor,800.0,20.0,640,135.0,1.0
FeMent Aqua,649.0,20.0,519,,
Miss Claire,1425.0,35.0,926,9.0,
PAC Moody,,,840,1010.0,
Joyology Beauty,,,799,,12.0
Lovechild Masaba,1000.0,20.0,800,1160.0,
Just Herbs,1525.0,27.0,1113,15.0,
Tinge Mutlishade,,,750,10.0,2.0
LN PRO,395.0,10.0,356,,6.0
AYA True,,,249,5.0,
Makeup Revolution,550.0,5.0,523,6.0,2.0
Tinge Wax,,,1250,16.0,14.0
Type Beauty,2997.0,50.0,1499,,
Incolor Exposed,,,399,20.0,14.0
Colors Queen,199.0,15.0,169,1.0,2.0
Swiss Beauty,598.0,25.0,449,3086.0,
TNW The,960.0,30.0,672,31.0,4.0
LoveChild Masaba,1500.0,20.0,1200,1083.0,
Just Herbs,2495.0,27.0,1821,7.0,
Disguise Cosmetics,,,500,1040.0,1.0
Eveline Cosmetics,995.0,10.0,896,,8.0
Inglot Rich,1500.0,10.0,1350,9.0,2.0
FASHION COLOUR,595.0,25.0,446,44.0,4.0
SERY Butter,,,499,446.0,2.0
Colors Queen,498.0,40.0,299,,
L.A. Girl,550.0,35.0,358,68.0,5.0
Miss Claire,875.0,35.0,569,1.0,
Gala of,299.0,22.0,233,75.0,10.0
Colors Queen,498.0,40.0,299,,
LN PRO,400.0,10.0,360,1.0,6.0
Pro Arte,475.0,15.0,404,3.0,9.0
La Mior,1980.0,10.0,1782,,
VERYMISS Check,395.0,50.0,198,27.0,3.0
MAKEUP BY,499.0,70.0,149,7.0,
Renee Cosmetics,750.0,30.0,525,179.0,
Eveline Cosmetics,799.0,10.0,719,,3.0
Wet n,399.0,15.0,339,202.0,1.0
SERY Matte,,,299,329.0,3.0
Makeup Revolution,695.0,25.0,521,12.0,2.0
Manish Malhotra,799.0,25.0,599,22.0,
Pierre Cardin,1075.0,36.0,688,11.0,7.0
Glamveda Serum,599.0,40.0,359,34.0,1.0
Sigma Beauty,1850.0,30.0,1295,22.0,5.0
Faces Canada,898.0,32.0,614,19196.0,
ENN Extra,599.0,17.0,497,25.0,
,,,799,8283.0,1.0
Smashbox Always,,,2500,480.0,1.0
Street Wear,499.0,20.0,399,184.0,6.0
Bella Voste,,,299,459.0,1.0
Pierre Cardin,1600.0,36.0,1024,3.0,6.0
Flower Beauty,825.0,50.0,413,745.0,3.0
MyGlamm Define,599.0,30.0,419,4.0,2.0
Focallure Blurmax,795.0,10.0,716,,
Keya Seth,499.0,40.0,299,80.0,9.0
VERYMISS Set,1180.0,30.0,826,2.0,
M.A.C Powerglass,,,1900,118.0,2.0
Biotique Starshine,600.0,35.0,390,51.0,14.0
CUFFS N,399.0,15.0,339,1.0,
Pro Arte,275.0,15.0,234,53.0,4.0
Miss Claire,2650.0,25.0,1988,7.0,
CUFFS N,325.0,15.0,276,,
Shryoan Glassy,199.0,15.0,169,4.0,
Shryoan Pretty,708.0,15.0,602,7.0,
M.A.C Lip,,,2300,,
Diego dalla,1700.0,20.0,1360,1.0,3.0
AYA True,,,249,13.0,
Makeup Revolution,475.0,30.0,333,14.0,2.0
Miss Claire,550.0,35.0,358,21.0,
Lenphor Velvestick,,,449,49.0,1.0
Lenphor Velvestick,,,449,49.0,1.0
Blue Nectar,545.0,9.0,495,26.0,4.0
Joyology Beauty,,,399,,6.0
Keya Seth,699.0,40.0,419,9.0,7.0
Swiss Beauty,927.0,25.0,695,52442.0,
Colorbar Kiss,1198.0,25.0,899,24062.0,
LAMEL Flamy,525.0,5.0,499,1.0,
Coloressence Pure,399.0,15.0,339,2.0,6.0
Matt look,300.0,8.0,276,7.0,2.0
Miss Claire,275.0,25.0,206,123.0,
Miss Claire,1150.0,25.0,863,3.0,
Just Herbs,2495.0,27.0,1821,6.0,
asa Two,,,990,1.0,
By Terry,,,3300,,
Zilch Gloss,,,550,7.0,3.0
Sedell Paris,,,459,1.0,21.0
L.A. Colors,350.0,10.0,315,2228.0,2.0
CUFFS N,399.0,15.0,339,,
Just Herbs,1525.0,27.0,1113,9.0,
Joyology Beauty,,,699,,12.0
Revolution Pro,850.0,10.0,765,69.0,3.0
Colors Queen,498.0,40.0,299,,
BLISCENT Berry,250.0,25.0,188,255.0,
FAE Beauty,1349.0,25.0,1012,444.0,
Fran Wilson,,,790,12.0,7.0
VERYMISS Set,1180.0,30.0,826,,
Sedell Paris,,,525,2.0,12.0
Revolution Pro,950.0,30.0,665,14.0,2.0
Insight Cosmetics,575.0,10.0,518,23616.0,
Jaquline USA,,,699,,3.0
Paese Cosmetics,1399.0,70.0,420,4.0,1.0
ALiX AViEN,,,590,1.0,3.0
Boujee Beauty,799.0,30.0,559,5.0,
FASHION COLOUR,375.0,25.0,281,11.0,2.0
Makeup Revolution,550.0,5.0,523,6.0,
Colorbar Sinful,1594.0,28.0,1148,17994.0,
Dear Dahlia,,,2800,1.0,2.0
Bella Voste,,,225,355.0,1.0
Revolution Powder,695.0,25.0,521,1.0,
I AM,1399.0,50.0,700,8.0,3.0
asa Pretty,,,990,2.0,
Makeup Revolution,499.0,8.0,459,22.0,
Miss Claire,275.0,20.0,220,234.0,
FASHION COLOUR,460.0,20.0,368,,
Beromt Bridemaid,599.0,20.0,479,,
Revolution Pro,795.0,5.0,755,1.0,6.0
CUFFS N,399.0,15.0,339,,
Jaquline USA,,,399,1.0,2.0
Colorbar Powerkiss,798.0,20.0,638,18711.0,
SERY Stay,,,499,9.0,5.0
Type Beauty,2997.0,50.0,1499,,
Riyo Herbs,499.0,30.0,349,,6.0
Daughter Earth,1175.0,10.0,1058,,13.0
Colorbar Powerkiss,1094.0,20.0,875,16951.0,
Eveline Cosmetics,899.0,10.0,809,,4.0
Pierre Cardin,750.0,36.0,480,44.0,9.0
AYA True,,,249,86.0,
Blue Heaven,330.0,16.0,277,4136.0,
Love Earth,948.0,10.0,853,12512.0,
Coloressence Lipstay,,,699,,
Coloressence Lipstay,,,699,,
Lenphor Lasche,,,699,11.0,1.0
GlamGals Matte,,,425,15.0,2.0
C.A.L Los,,,260,317.0,2.0
L.A. Girl,675.0,30.0,473,35.0,1.0
Neud Matte,980.0,32.0,666,1.0,
METABU Intense,349.0,20.0,279,1.0,6.0
Beromt Mini,599.0,20.0,479,,
FeMent Clean,899.0,20.0,719,2.0,8.0
FASHION COLOUR,395.0,25.0,296,3.0,1.0
Essence Hydra,360.0,20.0,288,31.0,2.0
Miss Claire,895.0,35.0,582,42.0,
Rhe Cosmetics,1250.0,60.0,499,1.0,
Beromt Diva,599.0,20.0,479,,
Blue Heaven,998.0,25.0,748,326.0,
L Factor,,,650,1.0,12.0
Spekta Cosmetics,,,999,,
Tinge Liquid,,,1250,5.0,6.0
Neud Matte,980.0,32.0,666,4.0,
CUFFS N,399.0,15.0,339,,
XX Revolution,799.0,5.0,759,1.0,6.0
Makeup Revolution,695.0,18.0,570,67.0,1.0
Street Wear,499.0,20.0,399,67.0,1.0
Love Earth,948.0,10.0,853,2436.0,
Max Factor,800.0,20.0,640,19.0,1.0
Matt look,798.0,12.0,706,86.0,
Eveline Cosmetics,795.0,10.0,716,,7.0
Focallure Lasting,775.0,10.0,698,,3.0
Colors Queen,498.0,40.0,299,,
Vaadi Herbals,347.0,15.0,295,22.0,
Elitty Liquid,2394.0,45.0,1317,,
Fran Wilson,,,590,13.0,9.0
Dear Dahlia,,,3100,15.0,1.0
Blue Heaven,429.0,17.0,356,3282.0,
Kingdom Of,,,895,1.0,12.0
,,,1799,7.0,2.0
Spekta Cosmetics,,,650,3.0,5.0
Pierre Cardin,799.0,36.0,511,19.0,7.0
LN PRO,395.0,10.0,356,,2.0
Note Cosmetique,,,599,,12.0
VERYMISS Retro,495.0,50.0,248,1.0,1.0
Beromt Mini,599.0,10.0,539,,
Jaquline USA,,,499,15.0,3.0
Love Earth,898.0,10.0,808,12505.0,
SERY Edge,,,499,60.0,3.0
Ronzille Long,299.0,10.0,269,1.0,2.0
Makeup Revolution,799.0,25.0,599,5.0,
Street Wear,399.0,20.0,319,4.0,1.0
Miss Claire,875.0,25.0,656,4.0,
C.A.L Los,,,485,12.0,3.0
Boujee Beauty,799.0,30.0,559,,
AYA True,,,747,5.0,2.0
asa Pout,,,990,1.0,
Makeup Revolution,695.0,10.0,626,28.0,
Milani Color,1250.0,5.0,1188,9.0,
,,,1290,7.0,4.0
C.A.L Los,,,385,34.0,2.0
Revolution Pro,1250.0,20.0,1000,14.0,
asa Fab,,,990,,
Miss Claire,1050.0,35.0,683,5.0,
Nicka K,495.0,50.0,248,2546.0,1.0
AYA True,,,249,10.0,
FASHION COLOUR,649.0,20.0,519,6.0,6.0
Makeup Revolution,799.0,25.0,599,8.0,
Type Beauty,2997.0,50.0,1499,,
XX Revolution,699.0,5.0,664,,
Beromt Casual,599.0,20.0,479,1.0,
Diego dalla,1950.0,20.0,1560,,4.0
Jaquline USA,,,599,14.0,2.0
Mila Beaut,360.0,15.0,306,,
Inatur Lip,570.0,20.0,456,5.0,
Type Beauty,2997.0,50.0,1499,1.0,
Littmuss O',,,499,10.0,10.0
Diego dalla,1780.0,20.0,1424,,3.0
KIRO Plush,1775.0,17.0,1465,366.0,
Tinge Lip,,,799,3.0,13.0
Miss Claire,600.0,35.0,390,15.0,
Incolor Lipfinity,,,399,64.0,1.0
Girlactik Matte,,,1950,2.0,9.0
Makeup Revolution,750.0,20.0,600,26.0,
Inatur Lip,295.0,25.0,221,16.0,2.0
Miss Claire,1025.0,35.0,666,,
BH Cosmetics,295.0,5.0,280,,
Milani Flora,1250.0,5.0,1188,9.0,
Incolor Shine,,,299,6.0,1.0
Note Cosmetique,,,999,,9.0
Makeup Revolution,799.0,25.0,599,3.0,
CHIPMUNK Simpin,699.0,35.0,454,5.0,4.0
Miss Claire,275.0,20.0,220,181.0,
L.A Girl,1270.0,17.0,1050,8.0,
Dear Dahlia,,,2800,5.0,1.0
Beromt Sports,599.0,20.0,479,,
Dear Dahlia,,,3100,7.0,1.0
Spekta Cosmetics,,,999,,
HYUE HydraGlow,899.0,10.0,809,,
L.A. Colors,250.0,10.0,225,76.0,1.0
C.A.L Los,,,685,1.0,1.0
Littmuss Kiss,,,499,50.0,1.0
Pierre Cardin,675.0,36.0,432,,3.0
Colors Queen,399.0,40.0,239,4.0,
FAE Beauty,1349.0,25.0,1012,515.0,
Sedell Professional,,,850,3.0,7.0
Just Herbs,,,2665,2.0,
Note Cosmetique,,,999,,9.0
Focallure Matte,,,499,29.0,1.0
Makeup Revolution,,,399,,3.0
Type Beauty,799.0,10.0,719,9.0,3.0
Blue Heaven,429.0,17.0,356,3229.0,
Beromt Party,599.0,10.0,539,,
Miss Claire,275.0,25.0,206,116.0,
Kingdom Of,,,495,4.0,
Tinge Cheeks,,,750,3.0,6.0
Miss Claire,500.0,25.0,375,10.0,
Givenchy Rose,,,4200,,1.0
Blue Heaven,429.0,17.0,356,3394.0,
Inatur Lip,570.0,20.0,456,1.0,
Spekta Cosmetics,,,999,1.0,
Miss Claire,1450.0,35.0,943,9.0,
Eveline Cosmetics,850.0,10.0,765,,2.0
Sigma Beauty,1800.0,30.0,1260,9.0,2.0
Sigma Beauty,1800.0,30.0,1260,9.0,2.0
Sedell Professional,,,650,1.0,9.0
Elitty Jelly,1996.0,43.0,1138,1.0,
Profusion Cosmetics,,,650,9.0,
Elitty Jelly,1497.0,42.0,868,4.0,
Love Earth,898.0,10.0,808,761.0,
Boujee Beauty,799.0,30.0,559,,
Max Factor,900.0,20.0,720,72.0,1.0
Lottie London,699.0,50.0,350,55.0,1.0
By Terry,2800.0,15.0,2380,,5.0
,,,575,11.0,1.0
L Factor,,,650,,6.0
Miss Claire,875.0,35.0,569,,
Makeup Revolution,950.0,25.0,713,3.0,
Pierre Cardin,675.0,36.0,432,2.0,5.0
Miss Claire,1195.0,35.0,777,6.0,
Boujee Beauty,799.0,30.0,559,2.0,
L.A. Girl,675.0,35.0,439,10.0,
Sigma Beauty,2200.0,30.0,1540,2.0,2.0
Miss Claire,1120.0,35.0,728,9.0,
BH Cosmetics,799.0,25.0,599,8.0,2.0
Dear Dahlia,,,2800,2.0,
Tinge Liquid,,,1250,1.0,
Dear Dahlia,,,2550,,
Inglot HD,6000.0,10.0,5400,17.0,
Revolution Pro,695.0,10.0,626,16.0,1.0
Milani Keep,1650.0,5.0,1568,,
C.A.L Los,,,360,5.0,2.0
Miss Claire,895.0,35.0,582,9.0,
Inglot HD,6000.0,10.0,5400,17.0,
Avasha Universal,,,4400,2.0,
Eveline Cosmetics,799.0,10.0,719,,3.0
BH Cosmetics,475.0,30.0,333,3.0,5.0
Miss Claire,1095.0,20.0,876,13.0,
Blue Heaven,430.0,17.0,357,3144.0,
Milani Supercharged,1450.0,5.0,1378,4.0,
Girlactik Rock,,,1899,1.0,
Beromt Mini,599.0,20.0,479,1.0,
Miss Claire,600.0,35.0,390,7.0,
Gala of,,,449,22.0,2.0
Gala of,,,449,22.0,2.0
Note Cosmetique,,,525,,4.0
LAURA MERCIER,,,3255,,
Neud Matte,980.0,32.0,666,1.0,
Miss Claire,1095.0,7.0,1018,1.0,
Inatur Lip,570.0,20.0,456,3.0,
BH Cosmetics,675.0,25.0,506,2.0,2.0
Matt look,798.0,8.0,738,86.0,
Miss Claire,1125.0,25.0,844,28.0,
Fran Wilson,,,790,7.0,10.0
C.A.L Los,,,385,6.0,
Daughter Earth,1395.0,10.0,1256,5.0,3.0
Love Earth,898.0,10.0,808,1405.0,
Bliscent Lip,,,230,,1.0
Makeup Revolution,1090.0,15.0,927,2.0,
Just Herbs,1390.0,27.0,1014,1294.0,
Makeup Revolution,999.0,5.0,949,,
Avasha Universal,,,4400,2.0,
Daughter Earth,2625.0,10.0,2363,,
Beromt Highschool,599.0,20.0,479,,
Fran Wilson,,,4340,,
Mila Beaut,360.0,15.0,306,,
THE SHELL,,,945,,2.0
Miss Claire,990.0,25.0,743,11.0,
Dear Dahlia,,,2800,1.0,
Tinge Lip,,,1100,,5.0
Love Earth,898.0,10.0,808,1012.0,
BH Cosmetics,675.0,30.0,473,,
Inglot HD,6000.0,10.0,5400,17.0,
Love Earth,898.0,10.0,808,1128.0,
inatur Lip,590.0,25.0,443,,
Love Earth,898.0,10.0,808,12088.0,
Tinge Gloss,,,1250,,
inatur Lip,590.0,25.0,443,,
Wearified Instant,,,999,,
Love Earth,898.0,10.0,808,2002.0,
Love Earth,948.0,10.0,853,1019.0,
inatur Lip,590.0,25.0,443,,
By Terry,2800.0,10.0,2520,,
inatur Lip,590.0,25.0,443,,
Love Earth,898.0,10.0,808,1351.0,
Love Earth,898.0,10.0,808,2429.0,
Kingdom Of,,,1190,1.0,
Love Earth,948.0,10.0,853,768.0,
Love Earth,948.0,10.0,853,3443.0,
Love Earth,898.0,10.0,808,344.0,
inatur Lip,590.0,25.0,443,,
THE SHELL,,,1295,,2.0
Love Earth,898.0,10.0,808,3775.0,
Love Earth,898.0,10.0,808,3009.0,
inatur Lip,590.0,25.0,443,,
Love Earth,898.0,10.0,808,12844.0,
Fran Wilson,,,2960,,
Love Earth,898.0,10.0,808,3436.0,
Love Earth,949.0,10.0,854,265.0,
Love Earth,898.0,10.0,808,3019.0,
Love Earth,948.0,10.0,853,1135.0,
Love Earth,949.0,10.0,854,255.0,
BH Cosmetics,799.0,5.0,759,,
Fran Wilson,,,2760,,
Love Earth,948.0,10.0,853,1897.0,
Love Earth,898.0,10.0,808,12078.0,
Love Earth,898.0,10.0,808,334.0,
Love Earth,948.0,10.0,853,1412.0,
Love Earth,898.0,10.0,808,2012.0,
Love Earth,898.0,10.0,808,585.0,
THE SHELL,,,1595,,2.0
Fran Wilson,,,2760,,
BH Cosmetics,799.0,25.0,599,,
Love Earth,898.0,10.0,808,701.0,
Love Earth,949.0,10.0,854,1021.0,
Love Earth,898.0,10.0,808,2768.0,
Love Earth,999.0,10.0,899,689.0,
Kingdom Of,,,495,,
LN PRO,595.0,10.0,536,,8.0
Love Earth,898.0,10.0,808,1467.0,
Love Earth,898.0,10.0,808,711.0,
Love Earth,898.0,10.0,808,1100.0,
LN PRO,595.0,10.0,536,,6.0
Love Earth,949.0,10.0,854,682.0,
Love Earth,898.0,10.0,808,2229.0,
Love Earth,898.0,10.0,808,1890.0,
Love Earth,898.0,10.0,808,1463.0,
Love Earth,898.0,10.0,808,595.0,
Love Earth,898.0,10.0,808,978.0,
Love Earth,898.0,10.0,808,988.0,
Love Earth,898.0,10.0,808,1473.0,
Love Earth,898.0,10.0,808,1744.0,
Kingdom Of,,,495,,
e.l.f. Cosmetics,,,1150,,
Fran Wilson,,,2960,,
Fran Wilson,,,2960,,
Kingdom Of,,,495,,
Kingdom Of,,,495,,
Kingdom Of,,,495,,
Kingdom Of,,,495,,
Sedell Professional,,,850,3.0,
Colors Queen,399.0,20.0,319,,5.0
Charlotte Tilbury,,,3650,,4.0
Swiss Beauty,299.0,15.0,254,665.0,5.0
Swiss Beauty,207.0,5.0,197,47900.0,
Daily Life,,,2599,1003.0,
MARS Love,299.0,7.0,278,71.0,6.0
M.A.C Nude,,,2300,,
PAT McGRATH,,,2600,7.0,
M.A.C Viva,,,2200,198.0,
M.A.C Lustreglass,,,2550,2.0,3.0
M.A.C MACximal,,,2550,,
Etude House,450.0,15.0,383,9186.0,4.0
Etude House,450.0,20.0,360,8662.0,3.0
Chambor Extreme,895.0,20.0,716,72.0,19.0
DIAM BEAUTY,,,899,1.0,3.0
Revlon Colorstay,799.0,20.0,639,136.0,4.0
Lakme Ultimate,499.0,10.0,449,887.0,4.0
Renee Cosmetics,399.0,15.0,339,5.0,2.0
MARS Plumping,249.0,4.0,239,6.0,2.0
DIOR Addict,,,3900,,
Bronson Professional,850.0,59.0,350,306.0,
Nudestix Roses,,,2500,80.0,
Insight Cosmetics,690.0,20.0,552,175565.0,
